col1,Name_1,SDSSName,RAobs_1,RAoff,DECobs_1,DECoff,sz_maj,szmajerr,sz_min,szminerr,PA,PAerr,IFimfit,IFerrimfit,PFimfit,PFerrimfit,IFimfitSF,IFerrimfitSF,PFimfitSF,PFerrimfitSF,Flux,FluxErr,Detection,Freq.,RO_Offset,RMS,PF,PF_err,IF,IF_err,S/N,Resolved,SelfCal,Flags,SB,RAobs_Kell,Decobs_Kell,delta,z,S(6)_t,pmt,S(6)_p,pmp,f_c,logL,i,I_2a,MI_Z2,LOGL2500,R,LD_cm,Lrad_K&R_Kell,Lrad_K&R_McC,LD_cm_H070,LD_cm_H070_Om7,LD_cm_H070_Om3,Lrad_K&R_Kell_Om3,Lrad_K&R_MCC_Om3,Lobs,L_1.4GHz,SFR (Msun/yr)
9,0847+2631,084755.63+263147.6,84755.63,0.0,263147.689,0.1,549.0,60.0,452.0,42.0,65.0,19.0,41.0,6.3,27.0,2.7,0.0,0.0,0.0,0.0,41.0,6.3,1.0,5.9991060000000000,0.1,3.6,27.6,2.6,38.1,5.7,7.66666666666667,1.0,0.0,0.0,1,84755.6,263148.6,1.08,0.282,16.8,5.0,16.8,5.0,1.0,21.58,17.662,-22.59,-23.605535701292900,29.6014043228205,0.05,4.51863254790691E+27,28.268181912366,28.6556564873598,4.14611567532631E+27,4.14611567532631E+27,4.46240704566743E+27,21.6560239185577,22.0434984935516,22.0111320859967,22.5290699539184,19.9490383657333
30,0944+3608,094427.99+360837.1,94427.994,-0.05,360837.029,-0.07,593.0,122.0,429.0,70.0,24.0,20.0,71.0,19.0,39.1,7.2,42.0,21.0,22.4,7.7,113.0,28.3196045170126,1.0,5.999088,0.0860232526704263,6.4,44.2,6.3,74.0,16.0,6.90625,1.0,0.0,0.0,1,94428.006,360837.57,0.51,0.228,94.0,8.6,94.0,8.6,1.0,22.13,17.03,-22.76,-23.476828360119,29.549921386351,0.17,3.54603302719345E+27,28.8110788817448,28.891029471628600,3.29593019327169E+27,3.29593019327169E+27,3.50369312130466E+27,22.1881493487054,22.0662798438248,22.2413404285476,22.746195535605,32.8887636043851
34,0950+3926,095048.38+392650.4,95048.377,0.04,392650.487,0.09,437.0,23.0,383.0,18.0,90.0,14.0,182.0,15.0,154.4,7.7,0.0,0.0,0.0,0.0,182.0,15.0,1.0,5.999064,0.098488578017961,7.2,155.5,5.7,165.0,10.0,21.5972222222222,0.0,0.0,0.0,1,95048.39200000000,392650.24,0.21,0.206,155.0,11.0,155.0,11.0,1.0,22.25,15.952,-23.62,-24.2903100156671,29.8753140485702,0.1,3.16322431630272E+27,28.931412472519600,29.0011521623344,2.95627722164147E+27,2.95627722164147E+27,3.12611443822801E+27,22.3039554990729,22.3736951888876,22.3492909965464,22.8486503623031,41.639199710543
39,1000+1047,100033.88+104723.7,100033.886,-0.09,104723.745,0.09,429.9,6.5,365.8,4.7,32.1,3.2,581.0,14.0,549.9,7.7,0.0,0.0,0.0,0.0,581.0,14.0,1.0,5.9993120000000000,0.127279220613579,7.3,550.3,6.0,558.0,11.0,75.38356164383560,0.0,0.0,0.0,1,100033.86,104723.93,0.37,0.226,233.0,13.9,233.0,13.9,1.0,22.51,16.244,-23.53,-24.2647192985822,29.8650777617362,0.2,3.51090368429298E+27,29.196871596677400,29.5936918080417,3.2648867953368E+27,3.2648867953368E+27,3.4690494671724E+27,22.5735339115851,22.9703541229494,22.9438069818947,23.4481665613162,165.584077533896
40,1004+1510,100438.82+151057.3,100438.825,-0.07,151057.241,-0.06,,,,,,,205.0,20.0,149.9,9.2,38.0,14.0,22.7,5.3,243.0,24.4131112314674,1.0,5.999282,0.0921954445729289,6.2,150.5,5.0,185.0,10.0,24.274193548387100,1.0,0.0,0.0,1,100438.85,151056.87,0.61,0.219,420.0,25.4,420.0,25.4,1.0,22.74,16.841000000000000,-22.86,-23.56161985334610,29.5838379836418,0.63,3.38846581263929E+27,29.4226793809435,29.185036364143900,3.15649417680775E+27,3.15649417680775E+27,3.3482953932048E+27,22.797907796755,22.4864123674128,22.5344636682699,23.0370825124965,64.2590830615306
43,1007+5007,100744.54+500746.6,100744.559,-0.18,500746.807,0.21,707.0,155.0,378.0,49.0,49.6,7.9,44.0,12.0,31.4,5.3,0.0,0.0,0.0,0.0,44.0,12.0,1.0,5.99898,0.276586333718787,7.6,34.0,4.7,32.0,8.5,4.47368421052632,1.0,0.0,0.0,1,100744.55,500746.78,0.2,0.212,99.8,7.6,99.8,7.6,1.0,22.08,16.8,-22.83,-23.508584508828900,29.5626238458349,0.14,3.2668338324597E+27,28.7675588303435,28.411880965542300,3.04850858764342E+27,3.04850858764342E+27,3.22832214171443E+27,22.1413449207988,21.7856670559976,21.7606162700485,22.2614843542235,10.7729927076061
44,1010+3003,101000.68+300321.5,101000.687,-0.09,300321.587,0.09,442.2,10.1,376.6,7.4,86.3,4.9,503.0,18.0,431.3,9.1,0.0,0.0,0.0,0.0,503.0,18.0,1.0,5.999164,0.127279220613579,6.7,431.5,7.4,483.0,14.0,64.4029850746269,0.0,0.0,0.0,1,101000.685,300321.53,0.07,0.256,490.0,24.0,490.0,24.0,1.0,22.96,16.93,-23.11,-24.0233441106245,29.76852768655310,0.8,4.04460905010623E+27,29.639477272504400,29.6508491775318,3.73392320288842E+27,3.73392320288842E+27,3.99525484058852E+27,23.0221918085935,23.0335637136209,23.0038668218006,23.5155758196752,193.387247156226
49,1034+6053,103421.71+605318.1,103421.706,0.04,605318.186,0.08,1220.0,350.0,760.0,190.0,36.0,21.0,143.0,45.0,27.6,7.3,0.0,0.0,0.0,0.0,143.0,45.0,1.0,5.998892,0.0894427190999916,8.6,36.1,8.2,58.0,20.0,4.19767441860465,0.0,1.0,0.0,1,0.0,0.0,0.0,0.228,13.0,20.7,13.0,1.0,21.46,17.118,-22.67,0.04,-23.389049978173800,29.514810033572800,,3.54603302719345E+27,27.951894380452,28.9932870656102,3.29593019327169E+27,3.29593019327169E+27,3.50369312130466E+27,21.3289648474125,22.3703575325708,22.3435980225292,22.8484531295866,41.620293764837
51,1040+6002,104041.50+600239.3,0.0,0.0,0.0,0.0,0.0,0.0,0.0,0.0,0.0,0.0,13.2,0.0,13.2,0.0,0.0,0.0,0.0,0.0,13.2,0.0,0.0,,0.0,4.4,10.0,,10.0,,,1.0,0.0,0.0,1,104041.42,600239.6,0.67,0.297,19.7,6.3,19.7,6.3,1.0,21.7,17.771,-22.59,-23.672745608626,29.628288285754,0.07,4.79682079351871E+27,28.387716206605700,28.21382391165,4.38623183368469E+27,4.38623183368469E+27,4.73647487382827E+27,21.7784685585908,21.6045762636351,21.5706942708099,22.0921685043625,7.29491970529298
52,1041+2828,104111.97+282805.0,104111.971,-0.01,282805.144,0.15,445.0,32.0,368.0,22.0,66.0,13.0,98.0,11.0,90.3,5.9,19.9,3.7,37.5,3.2,117.9,11.6056020955399,1.0,5.999201,0.150332963783729,7.1,97.7,5.2,124.0,11.0,13.760563380281700,1.0,0.0,0.0,1,104111.96,282804.87,0.19,0.211,116.0,9.2,116.0,9.2,1.0,22.14,16.17,-23.45,-24.1299062886832,29.811152557776600,0.09,3.24952400990071E+27,28.82837923241360,28.835435048281800,3.03311558917931E+27,3.03311558917931E+27,3.21124723375933E+27,22.201958582519,22.1287266689845,22.1840711554442,22.6846883059381,28.5456750428782
53,1045+2933,104528.30+293344.7,104528.308,-0.01,293344.709,0.11,440.0,13.0,389.0,10.0,64.3,8.7,298.0,14.0,283.0,8.0,25.2,5.1,31.2,3.3,323.2,14.9,1.0,5.999193,0.110453610171873,6.9,284.5,7.3,307.0,13.0,41.231884057971,1.0,0.0,0.0,1,104528.305,293344.5,0.21,0.293,179.0,11.4,179.0,11.4,1.0,22.65,17.581,-22.75,-23.8079946600771,29.6823879063342,0.53,4.72230503180822E+27,29.3329065320268,29.5895248531495,4.322038688702E+27,4.322038688702E+27,4.6630690362574E+27,22.7228861428405,22.9442493759369,22.9460249064991,23.4665601242092,172.747645130805
54,1045+5202,104541.76+520235.5,104541.76,0.0,520235.535,0.04,529.0,27.0,393.0,15.0,92.3,5.1,154.0,11.0,132.1,5.8,67.0,23.0,22.0,5.8,221.0,25.4950975679639,1.0,5.998981,0.04,7.0,133.8,5.7,150.0,11.0,19.1142857142857,1.0,0.0,0.0,1,104541.77,520235.5,0.09,0.284,195.0,11.6,195.0,11.6,1.0,22.66,16.76,-23.51,-24.4727497431003,29.9482899395434,0.27,4.55552728665421E+27,29.339767394590400,29.394125056913000,4.17803486981195E+27,4.17803486981195E+27,4.49875898645956E+27,22.727999436871,22.6254855463449,22.7497875920737,23.2681993589805,109.408577280569
65,1129+5120,112941.94+512050.5,112941.94,0.01,512050.629,0.13,853.0,83.0,450.0,27.0,73.4,3.5,166.0,20.0,103.9,7.9,0.0,0.0,0.0,0.0,166.0,20.0,1.0,5.999001,0.13038404810405300,8.2,105.1,8.7,161.0,21.0,12.8170731707317,0.0,0.0,0.0,1,112941.94,512050.69,0.19,0.234,501.0,44.6,501.0,44.6,1.0,22.88,17.019000000000000,-22.83,-23.5310995867002,29.571629876983400,0.89,3.65181099874317E+27,29.562684748319300,29.0829551104922,3.3892562482169E+27,3.3892562482169E+27,3.6080017530568E+27,22.9409756175686,22.4612459797415,22.4338514318323,22.9401882939141,51.4091360631539
75,1155+5021,115549.43+502117.2,115549.437,-0.07,502117.256,0.06,1790.0,830.0,840.0,320.0,68.0,18.0,128.0,61.0,18.3,7.6,75.6,15.5,66.6,7.9,203.6,62.938462008536600,1.0,5.999014,0.0921954445729289,8.3,49.1,4.8,68.0,11.0,5.9156626506024100,0.0,0.0,0.0,1,115549.46,502117.07,0.32,0.284,53.4,5.6,53.4,5.6,1.0,22.09,17.456,-22.81,-23.96479263517290,29.7451070963725,0.14,4.55552728665421E+27,28.7772740402565,29.3585105568926,4.17803486981195E+27,4.17803486981195E+27,4.49875898645956E+27,22.165506082537,22.5451747951563,22.7141730920533,23.2325848589601,100.794508300105
76,1155+5931,115558.97+593129.2,115558.973,-0.03,593129.311,0.11,525.0,37.0,420.0,25.0,117.0,11.0,236.0,24.0,167.0,11.0,0.0,0.0,0.0,0.0,236.0,24.0,1.0,5.998922,0.114017542509914,7.6,177.5,9.1,223.0,19.0,23.355263157894700,0.0,0.0,0.0,1,115558.97,593129.45,0.25,0.241,293.0,14.1,293.0,14.1,1.0,22.67,17.278,-22.63,-23.4242995458042,29.528909860625,0.66,3.77595354383446E+27,29.3580143565505,29.264058739166500,3.49850482367575E+27,3.49850482367575E+27,3.7304068077711E+27,22.7377214088435,22.6437657914595,22.6156342570098,23.1236907543527,78.4409357705666
79,1159+5106,115901.72+510630.7,115901.734,-0.13,510630.775,0.08,746.0,219.0,422.0,77.0,64.0,12.0,45.0,17.0,32.7,7.5,0.0,0.0,0.0,0.0,45.0,17.0,1.0,5.999007,0.152643375224737,8.2,44.8,5.3,55.0,11.0,5.46341463414634,0.0,0.0,0.0,1,115901.74,510630.56,0.24,0.29600000000000000,49.4,5.4,49.4,5.4,1.0,22.1,17.532,-22.82,-23.8873560339994,29.7141324559031,0.14,4.77816932812419E+27,28.783693506494000,28.7431790713457,4.37017257342825E+27,4.37017257342825E+27,4.71810164856563E+27,22.1742528999159,22.1337384647676,22.0999569643072,22.6211967156752,24.663160393978
82,1206+2814,120629.36+281436.1,120629.366,-0.09,281435.292,-0.81,1830.0,500.0,750.0,160.0,87.3,8.7,166.0,46.0,21.2,5.2,0.0,0.0,0.0,0.0,166.0,46.0,1.0,5.999229,0.814984662432368,7.0,35.5,1.9,35.6,3.4,5.07142857142857,1.0,0.0,0.0,1,120629.35,281436.1,0.13,0.293,64.7,5.6,64.7,5.6,1.0,22.21,17.433,-22.9,-23.9370103435625,29.733994179728300,0.17,4.72230503180822E+27,28.890957781715600,29.300161589087,4.322038688702E+27,4.322038688702E+27,4.6630690362574E+27,22.2809373925293,22.6901411999007,22.6566616424366,23.1771968601467,88.7255850609941
85,1210+2725,121045.63+272536.4,121045.635,-0.07,272536.484,0.0,644.0,113.0,503.0,75.0,51.0,24.0,72.0,17.0,37.7,6.1,0.0,0.0,0.0,0.0,72.0,17.0,1.0,5.999236,0.07,7.4,45.3,5.5,77.0,14.0,6.121621621621620,1.0,0.0,0.0,1,121045.64,272536.48,0.16,0.23,141.0,10.9,141.0,10.9,1.0,22.31,16.979,-22.83,-23.5633182058809,29.5845173246557,0.24,3.5812274628942E+27,28.9955363774446,28.703649761220500,3.32700630891512E+27,3.32700630891512E+27,3.53839982249408E+27,22.3730143192591,22.081127703035,22.0541561696032,22.5595059979046,21.397252397136
87,1218+3522,121832.68+352255.8,121832.685,-0.06,352255.838,0.04,485.4,12.9,409.9,9.3,82.2,5.4,541.0,22.0,443.0,11.0,0.0,0.0,0.0,0.0,541.0,22.0,1.0,5.999161,0.0721110255092798,7.9,445.3,9.7,532.0,19.0,56.3670886075949,0.0,0.0,0.0,1,121832.68,352255.74,0.06,0.24,586.0,21.9,586.0,21.9,1.0,22.97,17.266,-22.64,-23.400434321490400,29.5193637708995,1.3,3.75817066788038E+27,29.6550490933983,29.6203487424868,3.48287377309036E+27,3.48287377309036E+27,3.71287367791102E+27,23.0345543327783,22.9998539818668,22.9718274763182,23.4796389062255,178.029067834468
90,1221+2604,122157.77+260457.7,122157.773,0.0,260457.762,0.06,528.0,20.0,389.0,11.0,77.0,3.8,293.0,16.0,249.1,8.3,0.0,0.0,0.0,0.0,293.0,16.0,1.0,5.9992480000000000,0.06,8.2,251.2,7.3,272.0,14.0,30.6,1.0,1.0,0.0,1,122157.79,260457.81,0.29,0.278,310.0,16.8,310.0,16.8,1.0,22.84,17.249000000000000,-22.97,-23.962582314720400,29.7442229681915,0.68,4.44502633008107E+27,29.520376099114,29.4958820256338,4.0823670890438E+27,4.0823670890438E+27,4.38988033100131E+27,22.9074361769046,22.8829421034244,22.8509828472777,23.3679706952471,137.66473620083
93,1233+6443,123341.80+644317.4,123341.441,2.29,644319.5080000000,2.19,828.0,150.0,361.0,32.0,85.6,3.9,53.0,11.0,39.0,5.0,150.0,18.0,133.0,8.7,203.0,21.095023109729,1.0,5.99887,3.16862746311396,7.8,136.3,7.8,137.0,15.0,17.474358974359,0.0,0.0,0.0,1,123341.537,644318.87,2.27,0.222,242.0,10.1,242.0,10.1,1.0,22.51,17.105,-22.63,-23.35781633417390,29.502316575972900,0.46,3.4408408923352E+27,29.196248171740300,29.1199288436731,3.20289860118061E+27,3.20289860118061E+27,3.39995191471294E+27,22.5720921415516,21.912552645172,22.4696514517125,22.9730175461409,55.4459153752408
98,1251+6603,125100.44+660326.8,125100.441,0.0,660326.7290000000,-0.07,633.1,32.1,339.8,9.3,84.2,1.7,271.0,18.0,265.9,9.9,0.0,0.0,0.0,0.0,271.0,18.0,1.0,5.998855000000000,0.07,7.5,268.8,6.5,274.0,12.0,35.84,0.0,0.0,0.0,1,125100.56,660326.88,0.74,0.282,250.0,17.7,250.0,17.7,1.0,22.76,16.764,-23.49,-24.4291883301815,29.930865374375900,0.35,4.51863254790691E+27,29.4408126393121,29.4758419215145,4.14611567532631E+27,4.14611567532631E+27,4.46240704566743E+27,22.8286546455039,22.8636839277062,22.8313175201514,23.3492553880731,131.858277978393
119,1348+4518,134845.44+451809.5,134845.456,-0.16,451809.514,0.0,422.0,41.0,330.0,25.0,48.0,12.0,39.6,6.5,50.7,4.3,0.0,0.0,0.0,0.0,39.6,6.5,1.0,5.999033,0.16,8.1,55.8,4.0,48.8,6.3,6.8888888888888900,0.0,0.0,0.0,1,134845.44,451809.21,0.29,0.277,51.8,6.5,51.8,6.5,1.0,22.06,17.208,-23.0,-24.0377791841606,29.774301715967600,0.11,4.42666306178213E+27,28.7398504095679,28.6232158357482,4.06644872261039E+27,4.06644872261039E+27,4.37178566854114E+27,22.1267146170444,22.0100800432247,21.9782227740457,22.4949726524239,18.4427068899803
126,1408+6306,140839.00+630600.5,0.0,0.0,0.0,0.0,0.0,0.0,0.0,0.0,0.0,0.0,23.1,0.0,23.1,0.0,0.0,0.0,0.0,0.0,23.1,0.0,0.0,,0.0,7.7,20.1,6.0,149.0,50.0,2.61038961038961,1.0,0.0,0.0,1,140838.77,630602.04,2.2,0.261,39.1,6.1,39.1,6.1,1.0,21.88,16.95,-23.13,-24.059153388688400,29.782851397778700,0.06,4.1349511015275E+27,28.5601279733536,28.3315631958499,3.81278829740339E+27,3.81278829740339E+27,4.08430222170942E+27,21.9438368886391,21.7152721111353,21.6850575851634,22.1979743960583,9.3073577574058
128,1412+6435,141213.62+643538.9,141213.634,-0.1,643538.7760000000,-0.13,688.0,164.0,317.0,34.0,97.5,34.0,49.0,15.0,50.6,8.2,0.0,0.0,0.0,0.0,49.0,15.0,1.0,5.998844,0.164012194668567,7.8,28.1,1.4,15.9,2.1,3.6,0.0,0.0,0.0,1,141213.633,643539.04,0.16,0.28800000000000000,33.5,7.8,33.5,7.8,1.0,21.9,17.459,-22.84,-23.9136448500479,29.7246479823225,0.09,4.62949929158494E+27,28.5883630778015,28.7535143507932,4.24196257632968E+27,4.24196257632968E+27,4.57163930719088E+27,21.9773733462577,22.1425246192494,22.1095498603422,22.6289072147526,25.1049422332292
133,1429+4747,142943.07+474726.2,142943.073,0.0,474726.205,0.0,496.0,56.0,350.0,29.0,95.8,9.2,108.0,17.0,88.6,8.5,43.0,13.0,36.3,6.6,151.0,21.4009345590327,1.0,5.998982,0.0,7.6,97.8,4.5,135.9,9.8,12.8684210526316,0.0,0.0,0.0,1,142943.066,474726.17,0.05,0.221,127.0,6.3,127.0,6.3,1.0,22.23,16.49,-23.23,-23.901591217235300,29.719826529197400,0.14,3.42336611795535E+27,28.911920703520000,28.987093929857200,3.1874221769182E+27,3.1874221769182E+27,3.38271717132406E+27,22.2875596601288,22.2171796946598,22.3367181872825,22.8398354023377,40.8025601780362
1,0808+4407,080829.17+440754.1,80829.16,0.15,440754.1,0.0,617.0,157.0,446.0,91.0,63.0,25.0,68.0,22.0,36.3,8.3,0.0,0.0,0.0,0.0,68.0,22.0,1.0,5.998836,0.15,7.0,44.0,3.2,53.0,6.3,6.28571428571429,0.0,0.0,0.0,2,80829.23,440755.1,1.19,0.275,61.0,11.2,61.0,11.2,1.0,22.12,17.615,-22.58,-23.6054384670074,29.601365429106300,0.19,4.38998259731501E+27,28.803827362545400,28.851006440240900,4.03463461188934E+27,4.03463461188934E+27,4.33564089107885E+27,22.1902993617268,22.2374784394222,22.2058253839913,22.7220987636241,31.113636622868
2,0816+4258,081652.24+425829.4,81652.25,0.15,425829.4,0.0,452.0,21.0,365.0,14.0,90.1,7.0,199.0,14.0,178.5,7.4,0.0,0.0,0.0,0.0,199.0,14.0,1.0,5.998853,0.15,7.6,175.7,3.7,159.9,6.1,23.118421052631600,0.0,,0.0,2,81652.25200000000,425829.21,0.23,0.234,232.0,13.9,232.0,13.9,1.0,22.54,16.636,-23.21,-23.9787523034607,29.7506909636876,0.29,3.65181099874317E+27,29.228335007343000,29.1617000988618,3.3892562482169E+27,3.3892562482169E+27,3.6080017530568E+27,22.6066258765923,22.5399909681111,22.5125964202019,23.0189332822837,61.6290245576289
3,0822+4553,082205.24+455349.1,82205.244,0.06,455349.133,0.03,443.7,11.8,364.6,8.0,87.9,4.5,451.0,19.0,425.0,10.0,80.0,27.0,26.7,6.8,531.0,33.0151480384384,1.0,5.998839,0.0670820393249937,6.8,425.0,11.0,408.0,19.0,62.5,,,,2,82205.23,455349.18,0.13,0.3,222.0,11.2,222.0,11.2,1.0,22.77,17.695,-22.69,-23.688601320759000,29.63463057060690,0.73,4.85286503657633E+27,29.4493913810452,29.828132927676000,4.43445334637805E+27,4.43445334637805E+27,4.79168136192356E+27,22.8407217052648,23.1485452726921,23.1852802462036,23.7074568431122,300.821487728673
5,0834+3826,083443.80+382632.8,83443.805,0.075,382632.778,-0.02,479.0,33.0,354.0,19.0,80.5,6.9,136.0,14.0,116.8,7.1,0.0,0.0,0.0,0.0,136.0,14.0,1.0,5.9989050000000000,0.0776208734813001,6.7,117.5,3.9,136.3,7.5,17.537313432835800,0.0,0.0,0.0,2,83443.82,382633.09,0.37,0.28800000000000000,128.0,8.0,128.0,8.0,1.0,22.49,17.527,-22.77,-23.8002898909134,29.6793059986687,0.36,4.62949929158494E+27,29.1705282404125,29.1968571791349,4.24196257632968E+27,4.24196257632968E+27,4.57163930719088E+27,22.5595385088687,22.5858674475911,22.5528926886839,23.0722500430943,69.6790233412068
7,0843+5357,084313.41+535718.8,84313.4,0.15,535718.832,0.03,910.0,75.0,419.0,23.0,60.8,2.6,349.0,31.0,122.8,8.2,0.0,0.0,0.0,0.0,349.0,31.0,1.0,5.998805,0.152970585407784,6.8,120.0,18.0,121.0,33.0,17.6470588235294,1.0,0.0,0.0,2,84313.396,535718.73,0.14,0.218,410.0,14.7,410.0,14.7,1.0,22.72,16.44,-23.25,-23.9122821159525,29.7241028886843,0.43,3.37104032036754E+27,29.4078425500793,29.33788412031870,3.14104262947396E+27,3.14104262947396E+27,3.33110839710992E+27,22.7828654376992,22.7129070079387,22.6872128214496,23.1895821735512,91.292307661907
12,0858+3423,085828.69+342343.8,85828.70200000000,0.18,342343.93,0.13,489.0,48.0,352.0,26.0,72.4,8.9,126.0,18.0,103.8,8.8,63.0,16.0,24.6,4.7,189.0,24.083189157584600,1.0,5.9989620000000000,0.222036033111745,7.0,107.8,4.1,115.8,7.6,15.4,,,,2,85828.74,342343.62,0.65,0.257,210.0,12.7,210.0,12.7,1.0,22.59,16.156,-23.89,-24.8218031639999,30.08791130790330,0.17,4.06264605226278E+27,29.2752616714842,29.2295041809235,3.74968066911561E+27,3.74968066911561E+27,4.01303392845289E+27,22.6581754051017,22.4363266554853,22.5826173312352,23.0945682759092,73.3534065774607
14,0904+5114,090454.99+511444.5,90455.403,6.195,511444.399,-0.1,1550.0,1420.0,380.0,190.0,131.0,11.0,39.0,33.0,8.6,5.9,0.0,0.0,0.0,0.0,39.0,33.0,1.0,5.998842,6.19580704993304,7.1,26.6,6.8,26.6,6.8,3.74647887323944,1.0,,,2,90454.978,511444.81,0.33,0.225,46.0,5.7,46.0,5.7,1.0,21.8,16.637,-23.12,-23.8193790587605,29.6869416658075,0.06,3.49336347069533E+27,28.4880295400238,28.4163363153687,3.24937740048772E+27,3.24937740048772E+27,3.4517513307389E+27,21.8644875242229,21.7927942995679,21.7663534729577,22.2704649853419,10.9980831039642
18,0923+4530,092309.87+453046.4,92309.872,0.03,453046.427,0.03,541.0,94.0,413.0,58.0,82.0,21.0,90.0,21.0,56.4,8.9,0.0,0.0,0.0,0.0,90.0,21.0,1.0,5.998901,0.0424264068711929,6.8,61.6,5.3,68.4,9.9,9.05882352941176,,,,2,92309.856,453046.59,0.24,0.292,86.0,6.3,86.0,6.3,1.0,22.33,17.747,-22.58,-23.640681736880000,29.61546273706,0.3,4.70371369334558E+27,29.011226441149900,29.030970499345600,4.30600873174706E+27,4.30600873174706E+27,4.64475391324329E+27,22.4010124879596,22.4207565461553,22.3873777920576,22.9076778019127,47.7012559071223
20,0929+4644,092909.79+464424.0,92909.791,0.015,464424.054,0.05,437.0,50.0,275.0,19.0,101.0,5.9,65.0,11.0,76.4,6.8,0.0,0.0,0.0,0.0,65.0,11.0,1.0,5.998897,0.0522015325445528,7.0,82.1,6.2,84.0,11.0,11.728571428571400,,,,2,92909.808,464423.88,0.22,0.24,127.0,8.0,127.0,8.0,1.0,22.31,16.085,-23.82,-24.598639457358100,29.9986458252466,0.1,3.75817066788038E+27,28.990955198336200,28.700064834023100,3.48287377309036E+27,3.48287377309036E+27,3.71287367791102E+27,22.3704604377162,22.0795700734031,22.0515435678544,22.5593549977617,21.3898140651353
24,0935+4819,093509.48+481910.2,93509.478,-0.03,481910.169,-0.03,1775.0,436.0,450.0,69.0,46.3,3.3,528.0,47.4,194.0,17.0,0.0,0.0,0.0,0.0,528.0,47.4,1.0,5.998889,0.0424264068711929,6.7,197.0,19.0,465.0,52.0,29.40298507462690,1.0,,,2,93509.48800000000,481909.9,0.31,0.224,601.0,28.4,601.0,28.4,1.0,22.92,17.026,-22.73,-23.3800251018139,29.5112000830289,1.07,3.47583958799164E+27,29.599884482973100,29.5436439335042,3.23387622711169E+27,3.23387622711169E+27,3.43446901368731E+27,22.9761379662835,22.9198974168145,22.8935629914717,23.3974262342322,147.325609291725
33,0948+4335,094859.47+433518.9,94859.473,0.045,433519.01,0.11,647.0,96.0,503.0,64.0,52.0,20.0,124.0,23.0,51.6,7.1,0.0,0.0,0.0,0.0,124.0,23.0,1.0,5.998938,0.118848643240047,7.1,50.3,7.6,57.0,15.0,7.084507042253520,1.0,,,2,94859.48300000000,433519.0,0.17,0.226,260.0,16.9,260.0,16.9,1.0,22.56,16.367,-23.4,-24.097833612435500,29.7983234872775,0.25,3.51090368429298E+27,29.244489023622200,28.922937360813600,3.2648867953368E+27,3.2648867953368E+27,3.4690494671724E+27,22.6211513385299,22.2995996757213,22.2730525346666,22.7774121140881,35.3398031225524
41,1005+4230,100528.34+423037.5,100528.344,0.06,423037.568,0.07,412.0,78.0,251.0,28.0,101.4,8.6,18.8,5.4,23.7,3.4,0.0,0.0,0.0,0.0,18.8,5.4,1.0,5.998961,0.0921954445729289,6.6,27.6,2.9,21.9,4.5,4.18181818181818,1.0,,,2,100528.35,423036.99,0.52,0.257,114.0,6.1,114.0,6.1,1.0,22.33,16.736,-23.31,-24.2216247983495,29.8478399616431,0.16,4.06264605226278E+27,29.0099472280868,28.227200226014,3.74968066911561E+27,3.74968066911561E+27,4.01303392845289E+27,22.3928609617042,21.6101139596314,21.5803133763256,22.0922643209996,7.29652933151401
55,1054+3511,105416.19+351124.1,105416.193,0.045,351124.175,0.08,551.0,66.0,387.0,34.0,85.9,9.9,83.0,14.0,63.2,6.5,0.0,0.0,0.0,0.0,83.0,14.0,1.0,5.99906,0.0917877987534291,6.3,66.6,6.5,82.0,13.0,10.5714285714286,,,,2,105416.2,351124.02,0.15,0.205,119.0,10.6,119.0,10.6,1.0,22.13,16.783,-22.78,-23.4352207787363,29.533278353797800,0.17,3.14601439795299E+27,28.8119972447788,28.6555283757624,2.94093497593011E+27,2.94093497593011E+27,3.10913636453611E+27,22.1843324801113,22.0278636110949,22.0035674970216,22.502674680153,18.7726979207427
62,1120+4235,112007.43+423551.3,112007.431,0.015,423551.402,0.1,474.0,72.0,354.0,41.0,72.0,16.0,45.0,10.0,40.2,5.3,0.0,0.0,0.0,0.0,45.0,10.0,1.0,5.999006,0.101118742080783,6.0,42.4,3.5,37.9,5.8,7.06666666666667,,,,2,112007.42,423551.33,0.12,0.227,29.5,6.7,29.5,6.7,1.0,21.62,16.848,-22.93,-23.627725861233700,29.6102803867968,0.04,3.52846020953655E+27,28.3035640813918,28.486954579189,3.28040439760424E+27,3.28040439760423E+27,3.48636340376342E+27,21.6804305571221,21.8638210549193,21.8371676861012,22.3417751303039,12.9606607199927
63,1124+4201,112439.18+420145.0,112439.185,0.075,420145.006,0.01,566.0,97.0,507.0,80.0,93.0,58.0,51.0,12.0,25.9,4.3,0.0,0.0,0.0,0.0,51.0,12.0,1.0,5.999013,0.0756637297521078,4.9,30.3,3.7,33.8,6.9,6.18367346938776,,,,2,112439.22,420145.2,0.49,0.225,26.1,5.3,26.1,5.3,1.0,21.56,15.623,-24.14,-24.856489919822,30.101786010232,0.01,3.49336347069533E+27,28.2419122156805,28.5328418844402,3.24937740048772E+27,3.24937740048772E+27,3.4517513307389E+27,21.6183701998797,21.9092998686393,21.8828590420291,22.3869705544133,14.3821086744135
71,1138+4503,113858.79+450338.5,113858.793,0.045,450338.47,-0.03,437.0,19.0,337.0,11.0,92.3,5.0,160.0,11.0,166.8,6.2,0.0,0.0,0.0,0.0,160.0,11.0,1.0,5.998991,0.0540832691319598,6.8,168.3,5.2,152.6,8.6,24.75,,,,2,113858.81,450338.33,0.27,0.3,122.0,10.6,122.0,10.6,1.0,22.51,17.475,-22.91,-23.984618869292600,29.753037590020400,0.33,4.85286503657633E+27,29.1893982372693,29.307158389250500,4.43445334637805E+27,4.43445334637805E+27,4.79168136192356E+27,22.5807285614889,22.6984887134701,22.664305707778,23.1864823046866,90.6430094850871
72,1146+3715,114646.02+371511.7,114645.777,-3.645,371509.83700000000,-1.86,778.0,138.0,384.0,42.0,120.4,5.9,88.0,18.0,43.2,6.0,92.0,15.8,36.8,5.7,180.0,23.950782868207000,1.0,5.999066,4.09214185971112,6.4,48.0,5.8,212.0,46.0,7.5,1.0,,,2,114645.92,371511.09,1.34,0.295,90.8,5.8,90.8,5.8,1.0,22.36,17.032,-23.32,-24.3431029336172,29.896431215750200,0.16,4.75953286731232E+27,29.0447585641536,29.341945220735800,4.35412062133923E+27,4.35412062133923E+27,4.69974292190665E+27,22.4351248480245,22.4215216716536,22.6986305740816,23.2196356622675,97.8335187406579
94,1235+4104,123532.83+410445.1,123532.835,0.075,410445.158,0.06,1760.0,210.0,757.0,76.0,66.6,4.3,554.0,67.0,56.8,6.2,0.0,0.0,0.0,0.0,554.0,67.0,1.0,5.999039,0.0960468635614927,6.9,58.9,6.2,444.0,53.0,8.53623188405797,,,,2,123532.84,410445.24,0.18,0.212,266.0,16.1,266.0,16.1,1.0,22.51,16.811,-22.82,-23.502996967447,29.560388829282000,0.39,3.2668338324597E+27,29.1933099256872,29.5119380537846,3.04850858764342E+27,3.04850858764342E+27,3.22832214171443E+27,22.5670960161425,22.8857241442399,22.8606733582908,23.3615414424658,135.641771818512
144,1458+4555,145817.42+455514.9,145817.424,0.06,455514.872,-0.03,394.0,78.0,234.0,25.0,175.3,8.0,24.2,7.3,33.0,4.8,24.8,7.0,30.0,4.6,49.0,10.1138518873869,1.0,5.998947,0.0670820393249937,6.6,35.9,4.1,39.0,5.2,5.43939393939394,0.0,,,2,145817.428,455514.72,0.2,0.28600000000000000,95.0,16.3,47.5,4.7,0.5,22.35,17.381,-22.9,-23.9172890480902,29.726105661539400,0.23,4.59248291660373E+27,29.034271399362600,28.7467438741022,4.20998386899262E+27,4.20998386899262E+27,4.53516978871925E+27,22.4228928617198,21.8289846224114,22.102593045883,22.6214779741885,24.679137964005
150,1521+5940,152153.80+594020.0,152153.777,-0.345,594020.166,0.17,987.0,262.0,648.0,148.0,126.0,21.0,108.0,32.0,22.5,5.5,0.0,0.0,0.0,0.0,108.0,32.0,1.0,5.998819,0.384610192272644,6.9,28.7,5.9,28.7,5.9,4.159420289855070,,,,2,152153.829,594020.26,0.34,0.28600000000000000,42.9,8.8,42.9,8.8,1.0,22.01,17.679000000000000,-22.6,-23.6365119488135,29.61379482182870,0.14,4.59248291660373E+27,28.689005086258400,29.0899715495607,4.20998386899262E+27,4.20998386899262E+27,4.53516978871925E+27,22.0776265486157,22.4785930119179,22.4458207213414,22.9647056496469,54.3948346961695
156,1534+4658,153415.05+465819.2,153415.057,0.105,465819.261,0.06,583.0,149.0,340.0,57.0,135.0,12.0,29.7,9.5,18.7,3.9,0.0,0.0,0.0,0.0,29.7,9.5,1.0,5.998913,0.12093386622447800,6.4,20.9,3.2,20.9,3.2,3.265625,,,,2,153415.093,465818.98,0.5,0.282,66.2,5.5,66.2,5.5,1.0,22.18,17.5,-22.75,-23.767655062267100,29.6662520672102,0.18,4.51863254790691E+27,28.8637306200798,28.5156290799573,4.14611567532631E+27,4.14611567532631E+27,4.46240704566743E+27,22.2515726262715,21.903471086149,21.8711046785942,22.3890425465159,14.4508887673734
157,1535+5644,153539.25+564406.5,153539.25,0.0,564406.454,-0.05,422.0,28.0,381.0,23.0,3.2,24.0,150.0,15.0,123.6,7.7,27.3,8.1,26.5,4.6,177.3,17.0472871742104,1.0,5.998834,0.05,6.5,125.4,7.3,135.0,13.0,19.2923076923077,,,,2,153539.198,564406.18,0.54,0.207,126.0,15.5,126.0,15.5,1.0,22.16,16.672,-22.91,-23.5772660384091,29.590096457667,0.16,3.18045093413941E+27,28.846060749728100,28.994398940211400,2.9716279629375E+27,2.9716279629375E+27,3.14310869976460E+27,22.2188113915878,22.2945321055259,22.342637401042,22.8422487404039,41.0299277341138
158,1539+5042,153941.49+504255.7,153941.49300000000,0.045,504255.697,0.0,377.0,42.0,336.0,34.0,121.0,34.0,51.2,9.5,51.4,5.5,0.0,0.0,0.0,0.0,51.2,9.5,1.0,5.998878,0.045,6.3,55.0,4.9,48.4,7.8,8.730158730158730,,,,2,153941.501,504255.8,0.15,0.203,61.9,5.5,61.9,5.5,1.0,21.83,16.725,-22.81,-23.4731764567003,29.548460624983400,0.08,3.11164473792253E+27,28.518815960467900,28.43639527242360,2.91027603052832E+27,2.91027603052832E+27,3.075228858937E+27,21.8907350843776,21.8083143963333,21.7842347081314,22.2828368975631,11.315895005545
162,1556+5215,155620.23+521520.0,155620.245,0.225,521520.006,0.01,448.3,11.3,367.2,7.7,153.8,4.3,352.0,13.0,273.9,6.3,0.0,0.0,0.0,0.0,352.0,13.0,1.0,5.998854,0.225222112591104,6.7,274.4,6.7,348.0,14.0,40.955223880597,,,,2,155620.217,521520.2,0.23,0.227,296.0,21.9,296.0,21.9,1.0,22.62,16.87,-22.91,-23.611420860510500,29.6037583865075,0.46,3.52846020953655E+27,29.3050337764726,29.3802847288918,3.28040439760424E+27,3.28040439760423E+27,3.48636340376342E+27,22.6819002522029,22.7571512046221,22.730497835804,23.2351052800067,101.381168298612
163,1605+4834,160507.92+483422.1,160507.927,0.105,483422.124,0.02,1050.0,370.0,490.0,120.0,149.0,12.0,101.0,37.0,25.9,7.6,0.0,0.0,0.0,0.0,101.0,37.0,1.0,5.998875,0.10688779163216,7.0,39.6,7.2,41.0,13.0,5.657142857142860,,,,2,160507.913,483422.62,0.52,0.295,79.9,6.3,79.9,6.3,1.0,22.31,16.775,-23.57,-24.607381671005300,30.0021427107054,0.11,4.75953286731232E+27,28.9892194949465,29.0909940894151,4.35412062133923E+27,4.35412062133923E+27,4.69974292190665E+27,22.3795857788174,22.4813603732861,22.4476794427609,22.9686845309468,54.8954744044756
168,1619+5011,161911.24+501109.2,161911.25,0.15,501109.243,0.04,781.0,148.0,350.0,39.0,126.0,5.1,65.0,14.0,30.8,4.5,0.0,0.0,0.0,0.0,65.0,14.0,1.0,5.99885,0.1552417469626,6.4,30.3,5.9,48.0,13.0,4.734375,,,,2,161911.253,501109.58,0.4,0.234,41.7,4.7,41.7,4.7,1.0,21.8,16.991,-22.86,-23.7290728738026,29.650819191824400,0.07,3.65181099874317E+27,28.4829830774259,28.67576037909500,3.3892562482169E+27,3.3892562482169E+27,3.6080017530568E+27,21.8612739466752,22.0540512483443,22.0266567004351,22.5329935625169,20.1300833982228
28,0942+3451,094254.05+345133.1,94254.056,0.09,345133.136,0.04,459.0,33.0,358.0,20.0,95.4,9.1,117.0,12.0,105.6,6.7,0.0,0.0,0.0,0.0,117.0,12.0,1.0,5.9986740000000000,0.098488578017961,7.3,107.0,6.9,111.0,12.0,14.6575342465753,,,,3,94254.026,345133.13,0.3,0.278,155.0,11.9,155.0,11.9,1.0,22.54,17.594,-22.63,-23.614586383639700,29.6050245957592,0.47,4.44502633008107E+27,29.219346103450000,29.0972002670259,4.0823670890438E+27,4.0823670890438E+27,4.38988033100131E+27,22.6064061812406,22.4842603448165,22.4523010886697,22.9692889366391,54.9719253771168
29,0943+2805,094305.15+280536.1,94305.151,0.015,280536.132,0.03,471.0,71.0,398.0,52.0,103.0,31.0,56.0,13.0,42.7,6.0,0.0,0.0,0.0,0.0,56.0,13.0,1.0,5.998713,0.0335410196624968,6.8,38.8,7.5,66.0,19.0,5.705882352941180,,,,3,94305.149,280535.17,0.93,0.267,57.0,5.9,57.0,5.9,1.0,22.06,17.457,-22.68,-23.6518800227954,29.6199420514215,0.15,4.24387774134362E+27,28.7457925852239,28.7381057565576,3.90768161636559E+27,3.90768161636559E+27,4.19165843962495E+27,22.1306894773831,22.1230026487168,22.0921696642517,22.6065295449639,23.8441341526427
31,0946+2056,094636.42+205610.9,94636.426,0.09,205610.903,0.0,477.0,48.0,344.0,26.0,117.5,9.1,86.0,13.0,77.3,6.7,0.0,0.0,0.0,0.0,86.0,13.0,1.0,5.99876,0.09,7.0,80.7,6.5,72.0,11.0,11.5285714285714,,,,3,94636.39200000000,205611.03,0.42,0.28,110.0,9.6,110.0,9.6,1.0,22.39,17.321000000000000,-22.91,-23.909649020205000,29.7230496503853,0.26,4.48179884680854E+27,29.0773594010329,28.970465167118200,4.11422638256357E+27,4.11422638256357E+27,4.42611411189733E+27,22.4648107530793,22.3579165191647,22.3257535282703,22.8432167573176,41.121483032991
35,0952+2051,095236.13+205143.5,95236.132,0.03,205143.64,0.14,542.0,37.0,410.0,23.0,102.4,7.9,72.0,6.8,47.8,2.9,0.0,0.0,0.0,0.0,72.0,6.8,1.0,5.9987650000000000,0.143178210632764,3.9,47.8,3.5,62.2,7.4,12.2564102564103,,,,3,95236.165,205144.44,1.06,0.276,18.1,5.3,18.1,5.3,1.0,21.6,17.615,-22.59,-23.6148304073521,29.605122205244200,0.06,4.408315144721E+27,28.2796936264753,28.8793475480374,4.05053789278231E+27,4.05053789278231E+27,4.35370584912868E+27,21.6663618078353,22.2660157293974,22.2342605270818,22.7507722494452,33.2371870421144
36,0953+3801,095302.64+380145.2,0.0,0.0,0.0,0.0,0.0,0.0,0.0,0.0,0.0,0.0,17.1,0.0,17.1,0.0,0.0,0.0,0.0,0.0,17.1,0.0,0.0,,0.0,5.7,17.1,,17.1,,,,,,3,95302.72300000000,380145.62,1.07,0.273,33.2,4.1,33.2,4.1,1.0,21.85,17.493,-22.69,-23.6642896033709,29.6249058836517,0.09,4.35336368522288E+27,28.5325644486359,28.244422475324,4.00285074638462E+27,4.00285074638462E+27,4.29955563241967E+27,21.9186436142323,21.6305016409205,21.5990531198244,22.1148492526757,7.68601564810931
46,1013+2212,101325.43+221229.4,101325.433,0.045,221229.418,0.02,466.0,14.0,396.0,10.0,118.2,6.6,354.0,16.0,292.9,8.3,46.0,16.0,34.5,7.6,400.0,22.62741699796950,1.0,5.998771,0.0492442890089805,6.8,293.5,8.5,380.0,20.0,43.1617647058824,,,,3,101325.42,221229.16,0.28,0.274,365.0,17.8,365.0,17.8,1.0,22.89,17.474,-22.71,-23.718279895269600,29.6465020004112,0.98,4.3716654379985E+27,29.577260858069200,29.6170279849407,4.0187388922926E+27,4.0187388922926E+27,4.3175908127252E+27,22.9635365187497,22.950246916319,22.9717528172214,23.4877876671147,181.401000799137
48,1021+1900,102101.20+190012.3,102101.21,0.15,190012.33,0.03,449.0,51.0,331.0,27.0,95.0,11.0,33.6,5.8,35.9,3.5,0.0,0.0,0.0,0.0,33.6,5.8,1.0,5.998799,0.152970585407784,5.7,36.9,4.9,56.5,9.8,6.47368421052632,,,,3,102101.28,190011.28,1.53,0.247,29.9,8.6,29.9,8.6,1.0,21.71,16.82,-23.14,-23.995505471734800,29.7573922309972,0.04,3.88298665600197E+27,28.3904680341649,28.4411361232303,3.59245867553237E+27,3.59245867553237E+27,3.83593071545261E+27,21.7713824970827,21.8220505861481,21.7932906501045,22.3028134178333,11.8485561085003
50,1036+2750,103609.28+275019.9,103609.282,0.03,275019.929,0.03,822.0,205.0,448.0,78.0,107.0,11.0,75.0,22.0,31.4,6.5,0.0,0.0,0.0,0.0,75.0,22.0,1.0,5.998752,0.0424264068711929,5.7,31.9,6.5,70.0,20.0,5.596491228070180,1.0,,,3,103609.28,275020.68,0.78,0.282,29.3,5.6,29.3,5.6,1.0,21.83,17.436,-22.82,-23.8404858497963,29.6953843822218,0.08,4.51863254790691E+27,28.509740250994200,28.9179338940318,4.14611567532631E+27,4.14611567532631E+27,4.46240704566743E+27,21.8975822571859,22.3057759002235,22.2734094926687,22.7913473605904,36.4921433519542
57,1100+2838,110052.34+283801.2,110052.338,-0.03,283801.125,-0.07,518.0,117.0,255.0,28.0,18.2,5.8,21.6,6.5,22.5,3.5,0.0,0.0,0.0,0.0,21.6,6.5,1.0,5.998769,0.0761577310586391,5.5,25.1,4.5,32.3,9.8,4.56363636363636,,,,3,110052.34,283801.2,0.0,0.243,30.6,8.3,30.6,8.3,1.0,21.7,17.119,-22.81,-23.6084554774009,29.602572233263700,0.06,3.81156735114096E+27,28.3848122700921,28.2335445947614,3.52979091408969E+27,3.52979091408969E+27,3.76551959012333E+27,21.7649224518185,21.6136547764879,21.5853134378954,22.0938594782383,7.32337865473461
61,1118+3103,111842.83+310317.4,111842.831,0.015,310317.403,0.0,486.0,56.0,394.0,38.0,38.0,18.0,44.9,7.3,30.7,3.2,0.0,0.0,0.0,0.0,44.9,7.3,1.0,5.998766000000000,0.015,6.6,29.0,5.1,28.5,8.8,4.39393939393939,,,,3,111842.85,310317.4,0.26,0.27,134.0,9.7,134.0,9.7,1.0,22.44,17.444000000000000,-22.71,-23.7078833407148,29.6423433785892,0.35,4.29855105090999E+27,29.127832845635000,28.652974388273500,3.95523187519182E+27,3.95523187519182E+27,4.24553966358728E+27,22.5133215838626,22.0384631265011,22.0073220102143,22.5224008651773,19.6450381629188
64,1125+2513,112503.68+251302.3,112503.692,0.18,251302.267,-0.03,544.0,101.0,368.0,50.0,135.0,14.0,44.0,11.0,30.1,4.7,0.0,0.0,0.0,0.0,44.0,11.0,1.0,5.998809,0.182482875908947,6.7,33.5,5.7,53.0,14.0,5.0,,,,3,112503.72300000000,251302.32,0.58,0.272,93.6,9.3,93.6,9.3,1.0,22.3,17.191,-22.98,-23.9460455581352,29.737608265557400,0.19,4.33507735745653E+27,28.979148404395000,28.6513252321431,3.98697018658942E+27,3.98697018658942E+27,4.28153536853252E+27,22.3650309180628,22.0372077458109,22.0058616124172,22.5214188406297,19.6006670839334
81,1204+1702,120447.91+170256.8,120447.916,0.09,170256.83400000000,0.03,439.0,22.0,384.0,17.0,152.0,13.0,215.0,17.0,180.1,8.5,0.0,0.0,0.0,0.0,215.0,17.0,1.0,5.998899,0.0948683298050514,6.9,181.7,7.5,216.0,15.0,26.3333333333333,,,,3,120447.93,170256.45,0.45,0.298,214.0,11.9,214.0,11.9,1.0,22.74,17.084,-23.29,-24.325456685889500,29.889372716659100,0.4,4.81548724542493E+27,29.4269368251293,29.4289615116957,4.40229839038582E+27,4.40229839038582E+27,4.75486257975363E+27,22.8178819849373,22.8199066715037,22.7859242637644,23.3076327987832,119.807721936124
86,1212+1859,121224.89+185920.1,121224.899,0.135,185920.173,0.07,629.0,80.0,388.0,34.0,123.7,7.1,117.0,19.0,68.9,7.3,0.0,0.0,0.0,0.0,117.0,19.0,1.0,5.998891,0.152069063257456,6.5,70.9,6.6,127.9,16.0,10.907692307692300,,,,3,121224.9,185920.09,0.14,0.215,171.0,10.4,171.0,10.4,1.0,22.33,16.972,-22.69,-23.3941427694412,29.516847150079800,0.29,3.31886271740258E+27,29.014826789673,28.850016541027000,3.09473797022561E+27,3.09473797022561E+27,3.27964321285104E+27,22.3892320579508,22.2244218093048,22.1990489259245,22.7006685707723,29.6156031858789
92,1233+3101,123341.68+310102.8,123341.673,-0.105,310102.684,-0.12,1340.0,400.0,500.0,100.0,58.2,7.3,105.0,32.0,22.0,5.5,0.0,0.0,0.0,0.0,105.0,32.0,1.0,5.998821,0.15945218719102,6.8,22.4,3.9,241.0,45.0,3.29411764705882,,,,3,123341.64,310103.54,0.9,0.29100000000000000,61.6,6.2,61.6,6.2,1.0,22.18,16.771,-23.55,-24.5808390368862,29.9915256570578,0.09,4.68513743192475E+27,28.862972494861200,29.0945810817667,4.28998613014631E+27,4.28998613014631E+27,4.62645336078504E+27,22.2525648256837,22.4841734125892,22.4508955399093,22.9709601597896,55.1838722237941
97,1248+3424,124853.89+342429.4,124853.902,0.18,342429.391,-0.01,607.0,74.0,495.0,53.0,12.0,21.0,108.0,17.0,50.1,5.7,0.0,0.0,0.0,0.0,108.0,17.0,1.0,5.998808,0.18027756377319900,6.5,51.3,7.1,90.0,18.0,7.89230769230769,,,,3,124853.89,342429.68,0.28,0.271,92.2,5.9,92.2,5.9,1.0,22.29,17.552,-22.61,-23.6029133645125,29.6003553881083,0.27,4.3168064731848E+27,28.969037400066400,29.037730234499700,3.97109722536270E+27,3.97109722536270E+27,4.26353003945263E+27,22.3547231046988,22.4234159391321,22.3921722739659,22.9074904096475,47.6806778925477
99,1252+1402,125236.15+140213.9,125236.156,0.09,140214.02600000000,0.13,519.0,39.0,448.0,30.0,148.0,18.0,174.0,18.0,110.0,7.7,0.0,0.0,0.0,0.0,174.0,18.0,1.0,5.99896,0.15811388300841900,6.5,112.6,7.8,155.0,17.0,17.3230769230769,,,,3,125236.155,140214.06,0.18,0.266,236.0,10.7,236.0,10.7,1.0,22.68,17.453,-22.67,-23.662171583109600,29.6240586755472,0.62,4.22568435241734E+27,29.3592009835131,29.226838228825600,3.89184683592935E+27,3.89184683592935E+27,4.17372806105626E+27,22.7439002771492,22.6115375224617,22.5808074107573,23.094927255028,73.4140640995889
100,1253+1227,125343.71+122721.5,125343.724,0.21,122721.467,-0.03,473.0,34.0,434.0,29.0,37.0,31.0,108.0,12.0,78.8,5.4,0.0,0.0,0.0,0.0,108.0,12.0,1.0,5.998973,0.212132034355964,6.4,79.9,6.8,100.0,14.0,12.484375,,,,3,125343.73600000000,122720.95,0.67,0.207,221.0,12.0,221.0,12.0,1.0,22.73,16.874000000000000,-22.71,-23.3612336739716,29.503683511892,0.34,3.18045093413941E+27,29.090082478295600,28.77911396009750,2.9716279629375E+27,2.9716279629375E+27,3.14310869976460E+27,22.4628331201554,22.1518646019572,22.127352420928,22.6269637602899,24.9928493811843
104,1304+3951,130456.91+395111.4,130456.912,0.03,395111.376,-0.02,447.0,14.0,400.0,12.0,65.0,11.0,275.0,13.0,215.7,6.6,0.0,0.0,0.0,0.0,275.0,13.0,1.0,5.998781,0.0360555127546399,6.6,216.4,6.6,296.6,14.3,32.787878787878800,,,,3,130456.91,395111.38,0.02,0.271,253.0,15.9,253.0,15.9,1.0,22.72,17.504,-22.66,-23.66466906630410,29.625057668825,0.7,4.3168064731848E+27,29.407427000188600,29.443639172843,3.97109722536270E+27,3.97109722536270E+27,4.26353003945263E+27,22.793112704821,22.8293248774755,22.7980812123092,23.3133993479908,121.409133522687
109,1320+2957,132059.41+295728.1,132059.423,0.195,295728.061,-0.04,572.0,93.0,491.0,72.0,23.0,39.0,123.0,27.0,59.9,9.2,0.0,0.0,0.0,0.0,123.0,27.0,1.0,5.998861,0.199060292373944,6.6,65.6,8.1,104.0,19.0,9.93939393939394,,,,3,132059.40300000000,295728.18,0.27,0.206,112.0,8.7,112.0,8.7,1.0,22.11,16.918,-22.65,-23.312052304705700,29.4840109641856,0.18,3.16322431630272E+27,28.7902987970195,28.830985885788800,2.95627722164147E+27,2.95627722164147E+27,3.12611443822801E+27,22.1628418235728,22.203528912342,22.1791247200007,22.6784840857574,28.1407778263545
111,1321+3555,132136.86+355553.4,0.0,0.0,0.0,0.0,0.0,0.0,0.0,0.0,0.0,0.0,19.8,0.0,19.8,0.0,0.0,0.0,0.0,0.0,19.8,0.0,0.0,,0.0,6.6,19.8,,19.8,,,,,,3,132136.81,355552.61,1.0,0.28300000000000000,81.0,5.6,81.0,5.6,1.0,22.27,17.018,-23.24,-24.2446926998286,29.857067122234800,0.14,4.53707229673383E+27,28.954793407002300,28.3429735783851,4.16207154092951E+27,4.16207154092951E+27,4.48057564928987E+27,22.3428305083674,21.7310106797503,21.6985426828378,22.216717592594,9.71783686554104
113,1322+3623,132257.89+362300.0,132257.907,1.605,362300.063,0.06,631.0,64.0,524.0,48.0,117.0,20.0,195.0,25.0,77.1,7.4,0.0,0.0,0.0,0.0,195.0,25.0,1.0,5.9988160000000000,1.60612110377767,6.6,79.1,7.6,187.0,24.0,11.984848484848500,,,,3,132257.95,362300.47,0.87,0.295,153.0,14.7,153.0,14.7,1.0,22.59,17.65,-22.7,-23.7508123065995,29.659514964943100,0.48,4.75953286731232E+27,29.2713641464501,29.376707326995,4.35412062133923E+27,4.35412062133923E+27,4.69974292190665E+27,22.661730430321,22.767073610866,22.7333926803408,23.2543977685267,105.986311969043
114,1330+3119,133053.27+311930.5,133053.27600000000,0.09,311930.59,0.09,405.0,20.0,345.0,14.0,101.0,10.0,161.0,12.0,152.6,6.8,0.0,0.0,0.0,0.0,161.0,12.0,1.0,5.998857,0.127279220613579,6.6,154.3,7.4,154.0,13.0,23.3787878787879,,,,3,133053.37,311930.47,1.29,0.242,108.0,14.4,108.0,14.4,1.0,22.24,17.17,-22.75,-23.528054303168000,29.5704117635705,0.22,3.79375244458687E+27,28.9285502389861,29.101952359531,3.51414387517041E+27,3.51414387517041E+27,3.7479554514909E+27,22.3084589386336,22.4818610591785,22.4536245804264,22.9619259478086,54.0477923628207
121,1353+3620,135326.12+362049.4,135326.12,0.0,362039.541,0.14,454.2,11.7,401.1,9.2,66.3,7.5,550.0,22.0,449.0,11.0,0.0,0.0,0.0,0.0,550.0,22.0,1.0,5.998834,0.14,7.3,450.1,9.6,526.0,19.0,61.657534246575300,,,,3,135326.13,362046.56,0.16,0.285,389.0,25.8,389.0,25.8,1.0,22.96,16.011,-24.26,-25.298211541126000,30.2784746587537,0.27,4.57399749937083E+27,29.6430954944232,29.793508582591700,4.19400564986049E+27,4.19400564986049E+27,4.51695703899142E+27,23.0315223236162,23.1819354117847,23.1492644734845,23.6679129131454,274.640717355978
124,1406+1442,140658.70+144238.3,140658.708,0.12,144238.345,0.05,428.0,25.0,390.0,21.0,150.0,24.0,131.0,12.0,115.9,6.6,0.0,0.0,0.0,0.0,131.0,12.0,1.0,5.999007,0.13,6.9,117.5,6.5,122.0,12.0,17.0289855072464,,,,3,140658.709,144238.41,0.17,0.266,144.0,7.4,144.0,7.4,1.0,22.46,16.629,-23.5,-24.485157384226400,29.9532529959939,0.18,4.22568435241734E+27,29.1446514726382,29.103560276198800,3.89184683592935E+27,3.89184683592935E+27,4.17372806105626E+27,22.5293507662744,22.4882595698349,22.4575294581305,22.9716493024012,55.2715080290053
129,1421+0739,142146.16+073908.3,142146.161,0.015,73908.367,0.07,426.0,36.0,395.0,31.0,83.0,43.0,69.9,9.8,67.0,5.5,0.0,0.0,0.0,0.0,69.9,9.8,1.0,5.999072,0.0715891053163818,6.8,69.8,8.4,82.0,16.0,10.264705882352900,,,,3,142146.16,73908.4,0.1,0.231,102.0,5.9,102.0,5.9,1.0,22.18,16.887,-22.93,-23.6628447484268,29.624327941674,0.16,3.59884904255036E+27,28.859075001807300,28.6949520057911,3.34255660103572E+27,3.34255660103572E+27,3.55577676781326E+27,22.2367564278289,22.0726334318127,22.0455560159333,22.551152903279,20.9896363751131
130,1421+1520,142138.50+152045.9,142138.50400000000,0.06,152045.812,-0.09,546.0,71.0,447.0,50.0,105.0,22.0,106.0,19.0,66.7,8.0,0.0,0.0,0.0,0.0,106.0,19.0,1.0,5.999011,0.10816653826392,6.6,68.0,5.9,93.4,10.5,10.303030303030300,,,,3,142138.5,152045.88,0.02,0.231,180.0,7.4,180.0,7.4,1.0,22.42,17.164,-22.65,-23.388281854882000,29.514502784256100,0.36,3.59884904255036E+27,29.105747335148700,28.8757806953101,3.34255660103572E+27,3.34255660103572E+27,3.55577676781326E+27,22.4834287611703,22.2534621213318,22.2263847054524,22.7319815927981,31.8297776217746
131,1425+0803,142522.37+080327.1,142522.384,0.21,80327.13800000000,0.04,457.0,20.0,402.0,16.0,114.0,12.0,220.0,15.0,193.5,7.9,0.0,0.0,0.0,0.0,220.0,15.0,1.0,5.999071,0.21377558326431900,6.5,194.9,7.2,216.0,13.0,29.9846153846154,,,,3,142522.38,80327.02,0.17,0.23,138.0,6.5,138.0,6.5,1.0,22.3,16.803,-23.01,-23.737657660564600,29.654253106529200,0.2,3.5812274628942E+27,28.9861963511905,29.1887399456114,3.32700630891512E+27,3.32700630891512E+27,3.53839982249408E+27,22.363674293005,22.5662178874259,22.5392463539941,23.0445961822955,65.3804934356874
15,0907+0215,090725.91+021521.1,90725.919,0.135,21521.07,-0.03,778.0,138.0,286.0,21.0,52.3,2.5,26.3,5.4,20.3,2.3,0.0,0.0,0.0,0.0,26.3,5.4,1.0,5.999145,0.138293166859393,6.5,19.4,2.7,17.1,5.1,2.98461538461538,0.0,,,4,90725.93800000000,21520.36,0.85,0.273,35.1,5.6,35.1,5.6,1.0,21.87,17.091000000000000,-23.09,-24.0864911435915,29.7937864997399,0.07,4.35336368522288E+27,28.5567334813977,28.431382113421600,4.00285074638462E+27,4.00285074638462E+27,4.29955563241967E+27,21.9428126469941,21.8174612790181,21.786012757922,22.3018088907733,11.8211819617119
23,0934+0306,093433.95+030645.1,0.0,0.0,0.0,0.0,0.0,0.0,0.0,0.0,0.0,0.0,31.5,0.0,31.5,0.0,0.0,0.0,0.0,0.0,31.5,0.0,0.0,,0.0,10.5,61.4,7.0,224.0,32.0,5.84761904761905,0.0,,,4,93433.942,30645.48,0.4,0.297,71.0,4.4,71.0,4.4,1.0,22.26,17.681000000000000,-22.68,-23.7131264729575,29.6444406314863,0.23,4.79682079351871E+27,28.9445083291632,28.5915605342337,4.38623183368469E+27,4.38623183368469E+27,4.73647487382827E+27,22.3352606811483,21.9823128862189,21.9484308933936,22.4699051269462,17.4083311149016
45,1013+0204,101312.15+020416.4,101312.152,0.03,20416.366,-0.03,587.0,110.0,292.0,28.0,20.3,5.1,23.5,5.7,21.9,2.9,0.0,0.0,0.0,0.0,23.5,5.7,1.0,5.9992230000000000,0.0424264068711929,4.0,25.0,2.0,32.1,4.3,6.3,0.0,,,4,101312.22,20416.09,1.09,0.22,21.5,8.6,21.5,8.6,1.0,21.45,16.792,-22.92,-23.6374590978691,29.614173681451,0.03,3.40590775161517E+27,28.136221258431,28.1748506607871,3.17195403071439E+27,3.17195403071439E+27,3.3654983243849E+27,21.5116550304725,21.5502844328286,21.5243764836262,22.0272446153923,6.2819811230071
58,1102+0844,110205.92+084435.7,110205.974,0.81,84435.134,-0.57,724.0,203.0,440.0,90.0,127.0,16.0,48.0,16.0,21.8,5.2,0.0,0.0,0.0,0.0,48.0,16.0,1.0,5.999218,0.990454441153151,6.2,31.6,3.7,27.4,5.9,5.09677419354839,0.0,,,4,110205.92300000000,84435.17,0.53,0.294,68.7,8.3,68.7,8.3,1.0,22.24,16.344,-24.0,-25.0431430746449,30.1764472721613,0.07,4.74091142917165E+27,28.9203251234832,28.7646096237992,4.33807598916988E+27,4.33807598916988E+27,4.68139871181101E+27,22.3104981465676,22.1547826468836,22.1212023639838,22.6419726077105,25.8716793108282
67,1129+0629,112959.40+062952.9,112959.405,0.075,62952.914,0.01,664.0,92.0,409.0,40.0,108.3,7.9,102.0,18.0,55.9,6.5,0.0,0.0,0.0,0.0,102.0,18.0,1.0,5.999255000000000,0.0756637297521078,6.1,61.0,5.9,81.0,13.0,10.0,1.0,,,4,112959.38,62952.96,0.3,0.241,154.0,9.2,154.0,9.2,1.0,22.39,17.245,-22.67,-23.4597825155085,29.54310304850670,0.34,3.77595354383446E+27,29.0786674570328,28.899746907958300,3.49850482367575E+27,3.49850482367575E+27,3.7304068077711E+27,22.4583745093258,22.2794539602513,22.2513224258017,22.7593789231446,33.9024383415229
68,1130+0222,113020.99+022211.5,113021.0,0.15,22211.503,0.0,434.0,20.0,391.0,17.0,44.0,17.0,127.1,9.6,114.0,5.1,0.0,0.0,0.0,0.0,127.1,9.6,1.0,5.999286,0.15,6.5,115.1,5.3,118.3,9.4,17.7076923076923,1.0,,,4,113021.01,22211.95,0.54,0.241,142.0,10.6,142.0,10.6,1.0,22.36,17.285,-22.63,-23.442286447498200,29.5361046213026,0.32,3.77595354383446E+27,29.0434350805794,28.9952922867504,3.49850482367575E+27,3.49850482367575E+27,3.7304068077711E+27,22.4231421328724,22.3749993390434,22.3468678045937,22.8549243019366,42.2450971883006
78,1157-0022,115758.72-002220.9,115758.727,0.105,-2220.776,-0.12,958.0,220.0,480.0,77.0,166.5,8.7,138.0,35.0,47.1,9.1,0.0,0.0,0.0,0.0,138.0,35.0,1.0,5.999321,0.15945218719102,6.5,76.6,6.5,146.5,18.5,11.7846153846154,,,,4,115758.72,-2220.65,0.25,0.26,156.0,9.3,156.0,9.3,1.0,22.47,17.23,-22.84,-24.271411134711,29.867754496188000,0.34,4.1168513205554E+27,29.1573687861437,29.104123274190500,3.79699975164155E+27,3.79699975164155E+27,4.06646239441356E+27,22.5408791467365,22.4876336347833,22.457522471248,22.9701981031241,55.0871259708188
77,1157-0315,115753.20-031537.1,0.0,0.0,0.0,0.0,0.0,0.0,0.0,0.0,0.0,0.0,28.5,0.0,28.5,0.0,0.0,0.0,0.0,0.0,28.5,0.0,0.0,,0.0,9.5,443.0,10.0,656.0,23.0,46.6315789473684,,,,4,115753.20200000000,-31536.99,0.32,0.215,604.0,21.7,604.0,21.7,1.0,22.88,16.801,-22.86,-23.4828656772392,29.552336313199,0.87,3.31886271740258E+27,29.562867617902000,28.2366755392893,3.09473797022561E+27,3.09473797022561E+27,3.27964321285104E+27,22.9372728861797,21.6110808075671,21.5857079241868,22.0873275690346,7.214057186303
80,1202+0225,120233.08+022559.7,120233.084,0.06,22559.705,0.01,516.0,73.0,318.0,28.0,123.6,7.2,32.0,6.3,29.9,3.4,34.0,13.0,26.1,6.2,66.0,14.4461067419565,1.0,5.999303,0.0608276253029822,6.9,33.9,4.1,101.0,15.6,4.91304347826087,,,,4,120233.09,22559.94,0.28,0.273,434.0,14.3,434.0,14.3,1.0,22.97,17.292,-22.89,-23.9671535250459,29.7460514523217,0.99,4.35336368522288E+27,29.6489160944444,28.83097030047370,4.00285074638462E+27,4.00285074638462E+27,4.29955563241967E+27,23.0349952600408,21.9026555088482,22.1856009449741,22.7013970778254,29.6653235541052
83,1209+0232,120944.81+023212.7,120944.814,0.06,23212.729,0.03,709.0,156.0,493.0,87.0,122.0,19.0,93.0,25.0,40.7,8.0,0.0,0.0,0.0,0.0,93.0,25.0,1.0,5.999306,0.0670820393249937,6.8,45.5,6.9,61.0,15.0,6.691176470588240,,,,4,120944.8,23212.47,0.27,0.238,107.0,11.5,107.0,11.5,1.0,22.22,17.276,-22.61,-23.363176399275800,29.5044606020136,0.24,3.72265306643376E+27,28.908497697845200,28.8475968687139,3.45163572876044E+27,3.45163572876044E+27,3.67785403564677E+27,22.2875988135893,22.226697984458,22.1988817910528,22.7062024926255,29.9953893964577
84,1210+0154,121018.34+015405.9,121018.352,0.18,15405.908,0.01,408.0,69.0,366.0,55.0,54.0,55.0,41.0,11.0,42.4,6.8,0.0,0.0,0.0,0.0,41.0,11.0,1.0,5.999311,0.18027756377319900,6.6,45.7,4.0,29.5,5.3,6.92424242424242,,,,4,121018.33,15406.29,0.42,0.21600000000000000,35.7,4.7,35.7,4.7,1.0,21.65,16.914,-22.76,-23.4332236844088,29.5324795160668,0.06,3.33623875337153E+27,28.338927374888500,28.3990430154961,3.11016451181394E+27,3.11016451181394E+27,3.29678228756486E+27,21.7135386890423,21.7736543296498,21.7481742571688,22.2500440099183,10.4929117811684
89,1220+0641,122018.43+064119.6,122018.441,0.165,64119.59,-0.01,412.0,11.5,381.5,9.9,11.0,14.0,338.0,15.0,318.9,8.6,0.0,0.0,0.0,0.0,338.0,15.0,1.0,5.9992790000000000,0.165302752548165,6.9,322.0,8.6,343.0,16.0,46.6666666666667,,,,4,122018.45,64119.53,0.31,0.28600000000000000,392.0,14.8,392.0,14.8,1.0,22.97,17.455,-22.83,-23.8727002751436,29.7082701523608,1.04,4.59248291660373E+27,29.649833861094200,29.585464494351400,4.20998386899262E+27,4.20998386899262E+27,4.53516978871925E+27,23.0384553234514,22.9740859567086,22.9413136661321,23.4601985944376,170.235686363937
96,1245+0321,124551.03+032128.3,124551.042,0.18,32128.298,0.0,535.0,46.0,436.0,32.0,55.0,15.0,137.0,17.0,86.0,6.9,0.0,0.0,0.0,0.0,137.0,17.0,1.0,5.99931,0.18,6.9,87.8,6.9,137.0,16.0,12.7246376811594,,,,4,124551.04,32128.23,0.17,0.227,124.0,8.8,124.0,8.8,1.0,22.24,16.966000000000000,-22.81,-23.53670214088,29.573870898660000,0.21,3.52846020953655E+27,28.9271637505759,28.9704626325701,3.28040439760424E+27,3.28040439760423E+27,3.48636340376342E+27,22.3040302263062,22.3473291083004,22.3206757394823,22.825283183685,39.4580115253142
103,1304+0205,130416.99+020537.0,130416.98,-0.15,20536.877,-0.12,1261.0,191.0,683.0,86.0,44.4,7.8,227.0,36.0,39.6,5.5,0.0,0.0,0.0,0.0,227.0,36.0,1.0,5.999322,0.19209372712298500,6.4,46.6,5.1,234.0,42.0,7.28125,,,,4,130417.0,20537.25,0.29,0.229,215.0,11.1,215.0,11.1,1.0,22.49,17.046,-22.75,-23.4465454781586,29.5378082335668,0.39,3.56362211804653E+27,29.174581172312500,29.19816856959000,3.31146416835724E+27,3.31146416835724E+27,3.52103860060595E+27,22.5518554612037,22.5754428584813,22.5485772936153,23.0536798619296,66.7623897159788
105,1307+0107,130756.57+010709.6,130756.576,0.09,10709.676,0.08,606.0,67.0,343.0,23.0,168.0,4.6,103.0,14.0,74.3,6.5,0.0,0.0,0.0,0.0,103.0,14.0,1.0,5.999329,0.120415945787923,6.5,77.3,6.2,89.0,12.0,11.892307692307700,,,,4,130756.57,10709.86,0.26,0.276,138.0,9.0,138.0,9.0,1.0,22.48,17.033,-23.17,-24.1819284396946,29.8319614181812,0.25,4.408315144721E+27,29.161894138007400,29.0348522763113,4.05053789278231E+27,4.05053789278231E+27,4.35370584912868E+27,22.5485623193674,22.4215204576713,22.3897652553557,22.9062769777191,47.5476425741354
137,1444+0633,144414.66+063306.7,144414.666,0.09,63306.726,0.03,457.4,14.5,361.7,9.1,158.9,4.3,272.0,13.0,255.8,7.2,89.0,19.0,30.9,4.5,361.0,23.0217288664427,1.0,5.999263,0.0948683298050514,6.9,256.5,7.4,261.0,13.0,37.1739130434783,,,,4,144414.67,63307.1,0.43,0.208,255.0,16.0,255.0,16.0,1.0,22.47,16.552,-23.04,-23.7163623519735,29.64573498309270,0.29,3.19769423192929E+27,29.1568189529457,29.3077859744174,2.98698718504982E+27,2.98698718504982E+27,3.16011912960363E+27,22.5297770345064,22.5578057581067,22.6561239756926,23.155987079986,84.4965722947469
146,1502+0645,150204.10+064516.0,150204.108,0.12,64516.09100000000,0.09,569.0,186.0,290.0,49.0,21.0,9.4,18.8,8.0,17.8,4.2,0.0,0.0,0.0,0.0,18.8,8.0,1.0,5.999251,0.15,6.5,22.2,4.0,39.0,11.0,3.41538461538462,,,,4,150204.11800000000,64516.07,0.28,0.28800000000000000,50.8,5.9,50.8,5.9,1.0,22.09,16.772000000000000,-23.52,-24.55709248195390,29.982027035084900,0.07,4.62949929158494E+27,28.7691819830486,28.337476120028400,4.24196257632968E+27,4.24196257632968E+27,4.57163930719088E+27,22.1581922515048,21.7264863884845,21.6935116295774,22.2128689839878,9.63210028540296
155,1529+0216,152925.98+021646.6,152925.981,0.015,21646.63,0.03,942.0,151.0,785.0,118.0,129.0,33.0,183.0,34.0,41.2,6.4,0.0,0.0,0.0,0.0,183.0,34.0,1.0,5.999263,0.0335410196624968,6.9,44.8,6.6,111.0,22.0,6.49275362318841,,,,4,152925.995,21646.15,0.5,0.263,152.0,11.0,152.0,11.0,1.0,22.47,17.49,-22.61,-23.5945186670728,29.5969975091324,0.41,4.17119758863805E+27,29.157169094015400,29.2377765958011,3.84438858920191E+27,3.84438858920191E+27,4.12002727258953E+27,22.541274638858,22.6218821406436,22.591461135477,23.1048597311595,75.1124179823702
166,1617+0638,161711.42+063833.4,161711.424,0.06,63833.45,0.05,528.9,9.8,357.1,4.5,137.1,1.3,480.0,13.0,466.2,7.1,0.0,0.0,0.0,0.0,480.0,13.0,1.0,5.999187,0.0781024967590666,7.4,467.1,7.0,468.0,12.0,63.1216216216216,,,,4,161711.424,63833.19,0.22,0.229,266.0,11.3,266.0,11.3,1.0,22.58,16.627,-23.17,-23.90059738192190,29.719428995072100,0.33,3.56362211804653E+27,29.2670243490279,29.5233839497725,3.31146416835724E+27,3.31146416835724E+27,3.52103860060595E+27,22.6442986379192,22.9006582386637,22.8737926737978,23.3788952421121,141.171572967721
167,1617+0854,161723.67+085414.7,161723.671,0.015,85414.743,0.04,581.5,19.3,380.0,8.6,139.0,2.1,360.0,16.0,300.2,8.2,26.7,8.6,29.0,4.9,386.7,18.164801127455300,1.0,5.99917,0.0427200187265877,6.5,301.9,7.6,406.0,18.6,46.44615384615380,,,,4,161723.674,85414.72,0.06,0.206,381.0,15.2,381.0,15.2,1.0,22.64,16.255,-23.31,-23.9983983171703,29.7585493691714,0.33,3.16322431630272E+27,29.322005750025,29.3284549464224,2.95627722164147E+27,2.95627722164147E+27,3.12611443822801E+27,22.6945487765782,22.6699263016699,22.6765937806344,23.1759531463911,88.4718600443261
102,1302+1406,130223.12+140609.0,130223.121,0.015,140608.961,-0.04,530.0,49.0,377.0,25.0,175.7,7.8,55.9,7.3,47.6,3.7,0.0,0.0,0.0,0.0,55.9,7.3,1.0,5.999247,0.0427200187265877,6.3,48.5,4.4,58.7,8.8,7.6984126984127000,1.0,,,5,130223.127,140608.36,0.65,0.28600000000000000,44.1,6.0,44.1,6.0,1.0,22.02,16.859,-23.42,-24.4538091803637,29.9407137144488,0.07,4.59248291660373E+27,28.700986383541500,28.803959601960100,4.20998386899262E+27,4.20998386899262E+27,4.53516978871925E+27,22.0896078458988,22.1925810643174,22.1598087737409,22.6786937020464,28.1543635140376
106,1308+0344,130818.89+034437.2,130818.897,0.105,34437.186,-0.01,803.0,167.0,586.0,95.0,118.0,21.0,61.0,17.0,39.4,7.2,0.0,0.0,0.0,0.0,61.0,17.0,1.0,5.999326,0.105475115548645,8.0,42.6,6.9,51.0,14.0,5.325,,,,5,130818.85700000000,34437.07,0.51,0.228,57.3,5.4,57.3,5.4,1.0,21.91,16.599,-23.19,-23.9327943510887,29.7323077827388,0.07,3.54603302719345E+27,28.5961056501125,28.62328086315590,3.29593019327169E+27,3.29593019327169E+27,3.50369312130466E+27,21.9731761170731,22.0003513301165,21.9735918200749,22.4784469271323,17.754111326259
107,1308+1904,130843.86+190439.7,0.0,0.0,0.0,0.0,0.0,0.0,0.0,0.0,0.0,0.0,19.8,0.0,19.8,0.0,0.0,0.0,0.0,0.0,19.8,0.0,0.0,,0.0,6.6,19.8,,19.8,,,,,,5,130843.82,190439.73,0.57,0.222,34.6,4.8,34.6,4.8,1.0,21.67,16.756,-22.98,-23.6664758731462,29.6257803915618,0.05,3.4408408923352E+27,28.3515089045527,28.1090979960214,3.20289860118061E+27,3.20289860118061E+27,3.39995191471294E+27,21.727352874364,21.4849419658327,21.4588206040608,21.9621866984892,5.40802524349621
108,1312+0641,131204.70+064107.5,131204.701,0.015,64107.669,0.17,648.0,79.0,352.0,26.0,139.8,4.5,90.0,14.0,65.7,6.2,0.0,0.0,0.0,0.0,90.0,14.0,1.0,5.9993050000000000,0.17066048165876000,7.1,80.6,6.5,105.0,14.0,11.352112676056300,,,,5,131204.7,64107.36,0.14,0.242,123.0,7.9,123.0,7.9,1.0,22.3,15.901,-24.02,-24.7891792625011,30.0748617473038,0.08,3.79375244458687E+27,28.9850315949386,28.84936899293850,3.51414387517041E+27,3.51414387517041E+27,3.7479554514909E+27,22.3649402945861,22.229277692586,22.2010412138339,22.7093425812161,30.2130516313922
110,1321+0459,132123.40+045930.7,132123.41,0.15,45930.745,0.05,525.0,75.0,328.0,29.0,154.3,7.4,56.0,11.0,55.1,6.2,0.0,0.0,0.0,0.0,56.0,11.0,1.0,5.999316,0.15811388300841900,6.6,58.1,6.2,46.7,9.7,8.803030303030300,,,,5,132123.417,45930.54,0.3,0.242,163.0,7.7,163.0,7.7,1.0,22.42,16.97,-22.95,-23.7414480710024,29.6557692707043,0.28,3.79375244458687E+27,29.107314087903200,28.643314510505400,3.51414387517041E+27,3.51414387517041E+27,3.7479554514909E+27,22.4872227875507,22.0232232101529,21.9949867314007,22.5032880987829,18.7992321261964
115,1334+1711,133432.34+171146.9,133432.348,0.12,171147.05900000000,0.16,604.0,141.0,450.0,84.0,142.0,25.0,55.0,17.0,32.3,6.8,0.0,0.0,0.0,0.0,55.0,17.0,1.0,5.999218,0.2,6.7,37.0,6.7,51.0,15.0,5.52238805970149,,,,5,133432.35,171147.13,0.27,0.265,104.0,7.7,104.0,7.7,1.0,22.32,16.951,-23.17,-24.1462217381858,29.8176787375776,0.17,4.20750651825262E+27,28.9996807622749,28.723010112470400,3.87601972946482E+27,3.87601972946482E+27,4.15581272801303E+27,22.3841822986951,22.1075116488906,22.076884491237,22.5907641093891,22.9940843958463
132,1426+1955,142613.31+195524.6,142613.322,0.18,195524.682,0.08,567.0,111.0,489.0,85.0,146.0,47.0,50.0,14.0,30.9,5.7,0.0,0.0,0.0,0.0,50.0,14.0,1.0,5.999175,0.196977156035922,6.5,34.4,5.7,32.9,9.8,5.29230769230769,,,,5,142613.329,195524.78,0.32,0.213,110.0,6.0,110.0,6.0,1.0,22.13,16.3,-23.34,-24.035537770914700,29.7734051506692,0.1,3.28416023752394E+27,28.8143081078858,28.471885427063600,3.06390999365856E+27,3.06390999365856E+27,3.24541312050749E+27,22.1883007646172,21.845878083795,21.8207198435351,22.3218386544355,12.379145459235
138,1445+3049,144510.13+304957.0,144510.137,0.105,304957.16,0.16,580.0,73.0,481.0,52.0,160.0,23.0,98.0,17.0,60.1,7.0,0.0,0.0,0.0,0.0,98.0,17.0,1.0,5.999071,0.19137659209004600,7.2,63.6,8.1,75.0,16.0,8.83333333333333,,,,5,144510.122,304956.56,0.45,0.276,65.7,4.8,65.7,4.8,1.0,22.16,17.466000000000000,-22.74,-23.73560598317,29.65343243557,0.18,4.408315144721E+27,28.839580421165900,29.013241127298600,4.05053789278231E+27,4.05053789278231E+27,4.35370584912868E+27,22.2262486025259,22.3999093086586,22.3681541063431,22.8846658287065,45.2395045851078
143,1456+2750,145608.65+275008.7,145608.65100000000,0.015,275008.747,0.05,474.0,26.0,397.0,19.0,113.0,11.0,153.0,13.0,136.1,7.0,0.0,0.0,0.0,0.0,153.0,13.0,1.0,5.99909,0.0522015325445528,6.5,137.2,6.9,130.0,12.0,21.1076923076923,,,,5,145608.642,275008.62,0.13,0.248,159.0,12.9,159.0,12.9,1.0,22.44,17.044,-22.93,-23.7775931140453,29.6702272879214,0.29,3.90088130717613E+27,29.120083206746400,29.10337751324350,3.60814545051607E+27,3.60814545051607E+27,3.85357204505762E+27,22.5011983295829,22.48449263608,22.4556282604761,22.9653947205124,54.4812084548445
151,1524+3032,152428.67+303237.5,152428.674,0.06,303237.528,0.03,574.0,83.0,438.0,51.0,93.0,17.0,42.1,8.5,29.7,3.8,0.0,0.0,0.0,0.0,42.1,8.5,1.0,5.999046,0.0670820393249937,6.7,24.8,5.7,39.0,14.0,3.70149253731343,,,,5,152428.68100000000,303237.98,0.5,0.274,63.3,11.2,63.3,11.2,1.0,22.13,16.618,-23.57,-24.5626724321917,29.98425901518,0.08,4.3716654379985E+27,28.8163717036301,28.6392500894484,4.0187388922926E+27,4.0187388922926E+27,4.3175908127252E+27,22.2026473643106,22.0255257501289,21.9939749217291,22.5100097716224,19.092455334109
152,1526+2754,152624.02+275452.1,152624.029,0.135,275451.968,-0.13,533.0,120.0,366.0,58.0,148.0,17.0,32.0,10.0,28.3,5.3,0.0,0.0,0.0,0.0,32.0,10.0,1.0,5.999067,0.18741664813991300,5.5,31.1,4.9,25.3,7.6,5.65454545454545,1.0,,,5,152624.064,275451.98,0.6,0.231,30.4,7.1,30.4,7.1,1.0,21.65,16.213,-23.61,-24.330833640050500,29.891523498323500,0.03,3.59884904255036E+27,28.333348413654100,28.355624808365300,3.34255660103572E+27,3.34255660103572E+27,3.55577676781326E+27,21.7110298396758,21.7333062343869,21.7062288185075,22.2118257058532,9.60898947072364
153,1527+1541,152727.38+154100.1,152727.386,0.09,154100.16200000000,0.06,666.0,130.0,390.0,49.0,113.4,9.0,60.0,15.0,42.7,6.7,0.0,0.0,0.0,0.0,60.0,15.0,1.0,5.9991660000000000,0.10816653826392,6.6,47.1,6.1,54.0,12.0,7.13636363636364,1.0,,,5,152727.458,154100.19,1.13,0.228,73.4,11.2,73.4,11.2,1.0,22.02,16.607,-23.18,-23.919364343818600,29.7269357798308,0.09,3.54603302719345E+27,28.7036470880612,28.6161022785288,3.29593019327169E+27,3.29593019327169E+27,3.50369312130466E+27,22.0807175550218,21.9931727454893,21.9664132354478,22.4712683425052,17.4630603209115
160,1544+2827,154430.52+282756.8,154430.52800000000,0.12,282756.937,0.14,521.0,152.0,307.0,52.0,85.0,12.0,19.5,8.2,21.7,4.8,0.0,0.0,0.0,0.0,19.5,8.2,1.0,5.999047,0.184390889145858,6.9,32.9,6.0,56.0,15.0,4.768115942028990,,,,5,154430.54,282757.41,0.67,0.231,46.0,10.1,46.0,10.1,1.0,21.82,16.285,-23.53,-24.2702348463701,29.867283980851400,0.04,3.59884904255036E+27,28.5132326617269,28.1405094414079,3.34255660103572E+27,3.34255660103572E+27,3.55577676781326E+27,21.8909140877486,21.5181908674295,21.4911134515501,21.9967103388958,5.85547795872202
169,1619+2543,161940.56+254323.0,161940.565,0.075,254323.124,0.12,519.4,16.6,383.7,9.2,107.1,3.1,372.0,18.0,344.5,9.5,35.0,12.0,28.3,5.9,407.0,21.6333076527839,1.0,5.999034,0.141509716980849,6.6,345.9,10.0,366.0,18.0,52.4090909090909,,,,5,161940.561,254323.1,0.1,0.269,474.0,21.4,474.0,21.4,1.0,22.99,16.644000000000000,-23.5,-24.512529524281,29.964201852016,0.59,4.28031110915132E+27,29.6729155134059,29.606731580957000,3.93937414859595E+27,3.93937414859594E+27,4.22756425936187E+27,23.0582071275959,22.9529717258037,22.9609847085186,23.4758240942787,176.472121186402
174,1631+2953,163124.42+295301.5,163124.432,0.18,295301.507,0.01,439.0,42.0,347.0,26.0,112.0,13.0,54.9,8.7,67.6,5.7,0.0,0.0,0.0,0.0,54.9,8.7,1.0,5.998989,0.18027756377319900,6.9,70.6,5.5,53.7,8.1,10.231884057971,,,,5,163124.435,295301.46,0.2,0.254,125.0,7.9,125.0,7.9,1.0,22.35,16.707,-23.32,-24.207522022567400,29.8421988513303,0.17,4.0085822891977E+27,29.038627344443200,28.6812896758852,3.70243169015489E+27,3.70243169015489E+27,3.95974237809773E+27,22.4209430010366,22.0636053324786,22.0341160715302,22.5453405973703,20.7105965728478
120,1348+4303,134854.76+430309.1,134854.771,0.165,430309.14200000000,0.04,504.0,58.0,381.0,34.0,4.1,13.0,86.0,14.0,62.4,6.3,0.0,0.0,0.0,0.0,86.0,14.0,1.0,5.998934000000000,0.169779268463496,6.0,66.7,6.7,73.0,12.0,11.1166666666667,,,,6,134854.79,430309.62,0.61,0.275,88.8,6.7,88.8,6.7,1.0,22.28,17.09,-23.11,-24.0903346997399,29.7953239221993,0.17,4.38998259731501E+27,28.966910493313300,28.9529959787782,4.03463461188934E+27,4.03463461188934E+27,4.33564089107885E+27,22.3533824924946,22.3394679779596,22.3078149225286,22.8240883021614,39.3495992583302
125,1408+4303,140808.19+430316.5,140808.19200000000,0.03,430316.458,-0.04,1182.0,350.0,323.0,45.0,19.6,3.3,75.0,21.0,27.5,5.6,0.0,0.0,0.0,0.0,75.0,21.0,1.0,5.998933,0.05,6.5,36.6,5.3,55.0,13.0,5.63076923076923,,,,6,140808.199,430316.9,0.41,0.258,523.0,16.8,523.0,16.8,1.0,22.99,16.922,-23.14,-24.0588756347016,29.782740296184000,0.85,4.08069877721138E+27,29.675291557992400,28.8318511325168,3.76544592460569E+27,3.76544592460569E+27,4.03082822915026E+27,23.0584043280221,22.2149639025465,22.1850597102137,22.697252409284,29.3835605968838
135,1442+4337,144202.82+433708.7,144202.826,0.09,433708.783,0.08,409.0,17.0,364.0,14.0,41.0,13.0,192.0,13.0,183.4,7.4,0.0,0.0,0.0,0.0,192.0,13.0,1.0,5.998924,0.120415945787923,6.5,185.3,7.2,187.0,13.0,28.5076923076923,,,,6,144202.837,433708.81,0.22,0.231,167.0,18.7,167.0,18.7,1.0,22.39,16.849,-22.97,-23.6937551506328,29.6366921025564,0.25,3.59884904255036E+27,29.073191301193,29.1337760587489,3.34255660103572E+27,3.34255660103572E+27,3.55577676781326E+27,22.4508727272146,22.5114574847705,22.4843800688912,22.9899769562369,57.6539368243494
136,1443+4045,144302.59+404525.1,0.0,0.0,0.0,0.0,0.0,0.0,0.0,0.0,0.0,0.0,21.0,0.0,21.0,0.0,0.0,0.0,0.0,0.0,21.0,0.0,0.0,,0.0,7.0,21.0,,21.0,,,,,,6,144302.459,404525.66,1.61,0.246,78.0,11.2,78.0,11.2,1.0,22.12,16.636,-23.32,-24.1243394785476,29.8089258337224,0.1,3.86510791588705E+27,28.8029874240291,28.2331121160725,3.57677982106859E+27,3.57677982106859E+27,3.81830478628886E+27,22.1837010631562,21.6138257551997,21.5851703425027,22.0944492224227,7.33333009065766
145,1458+3631,145824.46+363119.5,145824.475,0.225,363119.459,-0.04,886.0,114.0,630.0,71.0,144.0,13.0,207.0,31.0,50.6,6.1,0.0,0.0,0.0,0.0,207.0,31.0,1.0,5.998982,0.22852789764052900,6.8,53.9,6.3,165.0,25.0,7.92647058823529,,,,6,145824.457,363119.49,0.04,0.246,167.0,9.4,167.0,9.4,1.0,22.45,16.887,-23.07,-23.8981289510676,29.7184416227304,0.26,3.86510791588705E+27,29.1336092924862,29.226863166795500,3.57677982106859E+27,3.57677982106859E+27,3.81830478628886E+27,22.5143229316133,22.6075768059227,22.5789213932257,23.0882002731457,72.2856823221969
171,1627+4736,162750.54+473623.5,162750.55,0.15,473623.461,-0.04,452.0,13.0,390.0,10.0,50.9,7.0,495.0,23.0,441.0,12.0,0.0,0.0,0.0,0.0,495.0,23.0,1.0,5.998849,0.1552417469626,7.1,442.0,13.0,473.0,23.0,62.253521126760600,,,,6,162750.571,473623.38,0.34,0.262,299.0,23.8,299.0,23.8,1.0,22.76,17.218,-22.87,-23.811048225078300,29.683609332334600,0.64,4.1530665304451E+27,29.447316144345200,29.6662501549544,3.82858458086013E+27,3.82858458086013E+27,4.10215718729795E+27,22.8312234542909,23.0501574649,23.0198396584276,23.5329974571571,201.302639203958
172,1630+4711,163051.74+471118.9,163051.744,0.06,471118.958,0.06,603.0,119.0,392.0,55.0,11.0,13.0,51.0,13.0,33.9,5.6,0.0,0.0,0.0,0.0,51.0,13.0,1.0,5.998851,0.0848528137423857,6.7,33.5,6.5,42.0,14.0,5.0,,,,6,163051.738,471118.82,0.08,0.27,64.1,5.4,64.1,5.4,1.0,22.12,16.91,-23.25,-24.2325397886563,29.852205957765800,0.1,4.29855105090999E+27,28.807586076789000,28.7082982233681,3.95523187519182E+27,3.95523187519182E+27,4.24553966358728E+27,22.1930748150166,22.0937869615957,22.0626458453089,22.5777247002719,22.3139631694617
173,1631+4048,163111.28+404805.2,163111.275,-0.075,404805.22,0.02,475.0,89.0,393.0,63.0,7.2,34.1,31.6,9.0,26.6,4.6,0.0,0.0,0.0,0.0,31.6,9.0,1.0,5.998901,0.0776208734813001,6.6,27.5,4.9,49.0,12.1,4.16666666666667,,,,6,163111.292,404805.0,0.24,0.258,49.7,5.0,49.7,5.0,1.0,21.97,17.094,-22.96,-23.884491472114,29.712986631149,0.09,4.08069877721138E+27,28.653146257858500,28.456476951743500,3.76544592460569E+27,3.76544592460569E+27,4.03082822915026E+27,22.0362590278881,21.8395897217732,21.8096855294404,22.3218782285107,12.3802735314869
175,1703+1910,170302.88+191034.0,0.0,0.0,0.0,0.0,0.0,0.0,0.0,0.0,0.0,0.0,11.4,0.0,11.4,0.0,0.0,0.0,0.0,0.0,11.4,0.0,0.0,,0.0,3.8,21.0,,21.0,,,,,,6,170302.978,191034.23,1.41,0.29,21.2,7.1,21.2,7.1,1.0,21.71,17.203,-23.11,-24.1716563932864,29.82785259961790,0.04,4.66657626570419E+27,28.3963806693233,28.126949659731,4.27397089577083E+27,4.27397089577083E+27,4.60816739691778E+27,21.7857791319253,21.516348122333,21.4831712092432,22.0030002567465,5.94090035837002
177,1727+6322,172711.80+632242.1,172711.81700000000,0.255,632241.968,-0.13,2080.0,250.0,1070.0,110.0,17.5,6.0,670.0,82.0,53.6,6.1,0.0,0.0,0.0,0.0,670.0,82.0,1.0,5.998709,0.286225435627234,6.8,55.9,5.8,614.0,70.0,8.22058823529412,,,,6,172711.837,632241.72,0.46,0.217,728.0,27.1,728.0,27.1,1.0,22.97,16.73,-22.95,-23.6664111916879,29.6257545189785,0.99,3.35363129415491E+27,29.652799818707100,29.6167432420949,3.12559940302596E+27,3.12559940302596E+27,3.31393735544336E+27,23.0276170058746,22.9915604292624,22.9659732557934,23.4680929108482,173.358412954171