Name,Maj,Min,S1p4_FIRST,S1p4_err,A_morph,C_morph,Flux,FluxErr,PFimfit,PFerrimfit,Sa/Sc,SB,VLBA,z,L6_NVSS,L6_NVSS_alpha0,DATE_NVSS,L6_FIRST,L6_FIRST_alpha0,DATE_FIRST,L6_VLASS,L6_VLASS_alpha0,DATE_VLASS,DATE_VLAA,DATE_VLAC,SDSSName,S(6)_t,pmt,RAobs_1,RAoff,DECobs_1,DECoff,sz_maj,szmajerr,sz_min,szminerr,PA,PAerr,IFimfit,IFerrimfit,IFimfitSF,IFerrimfitSF,PFimfitSF,PFerrimfitSF,Detection,Freq.,RO_Offset,RMS,PF,PF_err,IF,IF_err,S/N,Resolved,SelfCal,Flags,RAobs_Kell,Decobs_Kell,delta,S(6)_p,pmp,f_c,logL,i,I_2a,MI_Z2,LOGL2500,R,LD_cm,Kell_Ratio,logL6GHz [W/Hz],MJD_dr7
0808+4407,472.0,237.0,,,U,U,36.3,8.3,36.3,8.3,0.6,2,0,0.275,,,,,,,,,,2019-08-13,2010-10-31,080829.17+440754.1,61.0,11.2,80829.16,0.15,440754.1,0.0,617.0,157.0,446.0,91.0,63.0,25.0,68.0,22.0,0.0,0.0,0.0,0.0,1.0,5.998836,0.15,7.0,44.0,3.2,53.0,6.3,6.28571428571429,0.0,0.0,0.0,80829.23,440755.1,1.19,61.0,11.2,1.0,22.12,17.615,-22.58,-23.6054384670074,29.601365429106300,0.19,4.38998259731501E+27,0.6,21.901570040890100,
0816+4258,153.0,105.0,,,SR,U,199.0,14.0,178.5,7.4,0.9,2,0,0.234,,,,,,,,,,2019-08-13,2010-10-31,081652.24+425829.4,232.0,13.9,81652.25,-0.15,425829.4,0.0,452.0,21.0,365.0,14.0,90.1,7.0,199.0,14.0,0.0,0.0,0.0,0.0,1.0,5.998853,0.15,7.6,175.7,3.7,159.9,6.1,23.118421052631600,0.0,,0.0,81652.25200000000,425829.21,0.23,232.0,13.9,1.0,22.54,16.636,-23.21,-23.9787523034607,29.7506909636876,0.29,3.65181099874317E+27,0.9,22.485201872292800,
0822+4553,150.0,89.0,427,127,M,U,531.0,33.0151480384384,425.0,10.0,2.4,2,2,0.3,,,,22.61,22.98,1997-03-22,22.87,23.01,2019-05-24,2019-08-13,2010-10-31,082205.24+455349.1,222.0,11.2,82205.244,0.06,455349.133,0.03,443.7,11.8,364.6,8.0,87.9,4.5,451.0,19.0,80.0,27.0,26.7,6.8,1.0,5.998839,0.0670820393249937,6.8,425.0,11.0,408.0,19.0,62.5,,,,82205.23,455349.18,0.13,222.0,11.2,1.0,22.77,17.695,-22.69,-23.688601320759000,29.634630570606900,0.73,4.85286503657633E+27,2.4,23.151097240511500,51868
0834+3826,238.0,39.0,,,U,U,116.8,7.1,116.8,7.1,0.9,2,0,0.28800000000000000,,,,,,,,,,2019-08-13,2010-10-31,083443.80+382632.8,128.0,8.0,83443.805,-0.075,382632.778,-0.02,479.0,33.0,354.0,19.0,80.5,6.9,136.0,14.0,0.0,0.0,0.0,0.0,1.0,5.998905000000000,0.0776208734813001,6.7,117.5,3.9,136.3,7.5,17.537313432835800,0.0,0.0,0.0,83443.82,382633.09,0.37,128.0,8.0,1.0,22.49,17.527,-22.77,-23.8002898909134,29.6793059986687,0.36,4.62949929158494E+27,0.9,22.453821864182900,
0843+5357,838.0,168.0,516,150,E,U,349.0,31.0,122.8,8.2,0.9,2,0.5,0.218,x,x,x,22.39,22.77,1997-05-07,22.45,22.60,2017-09-26,2019-08-13,2010-10-31,084313.41+535718.8,410.0,14.7,84313.4,0.15,535718.832,0.03,910.0,75.0,419.0,23.0,60.8,2.6,349.0,31.0,0.0,0.0,0.0,0.0,1.0,5.998805,0.152970585407784,6.8,120.0,18.0,121.0,33.0,17.6470588235294,1.0,0.0,0.0,84313.396,535718.73,0.14,410.0,14.7,1.0,22.72,16.44,-23.25,-23.9122821159525,29.7241028886843,0.43,3.37104032036754E+27,0.9,22.661518634960600,
0847+2631,312.0,271.0,,,SR,U,41.0,6.3,27.0,2.7,2.4,1,0,0.282,,,,,,,,,,2019-08-04,2010-10-15,084755.63+263147.6,16.8,5.0,84755.63,0.0,263147.689,0.1,549.0,60.0,452.0,42.0,65.0,19.0,41.0,6.3,0.0,0.0,0.0,0.0,1.0,5.999106000000000,0.1,3.6,27.6,2.6,38.1,5.7,7.66666666666667,1.0,0.0,0.0,84755.6,263148.6,1.08,16.8,5.0,1.0,21.58,17.662,-22.59,-23.605535701292900,29.6014043228205,0.05,4.51863254790691E+27,2.4,21.978765678441900,
0856+1057,510.0,237.0,,,SR,U,509,101,305,7.1,1.81785714285714,3,,0.274,,,,,,,,,,,,085640.78+105755.8,280,9.8,,-0.04,,0.05,510.0,39.0,237.0,34.0,,,,,,,,,,,,6.9,,,,,,,,,,,,280,9.8,1.000,22.78,16.888000000000000,-23.3,,,0.44,4.3175908127252E+27,1.81785714285714,23.0448597798304,
0858+3423,370.0,140.0,,,M,U,189.0,24.083189157584600,103.8,8.8,0.9,2,0,0.257,,,,,,,,,,2019-08-13,2010-10-31,085828.69+342343.8,210.0,12.7,85828.70200000000,-0.18,342343.93,0.13,489.0,48.0,352.0,26.0,72.4,8.9,126.0,18.0,63.0,16.0,24.6,4.7,1.0,5.998962000000000,0.222036033111745,7.0,107.8,4.1,115.8,7.6,15.4,,,,85828.74,342343.62,0.65,210.0,12.7,1.0,22.59,16.156,-23.89,-24.8218031639999,30.087911307903300,0.17,4.06264605226278E+27,0.9,22.55281674792940,
0901+1030,0.0,0.0,,,U,U,46.5,6.2,46.5,6.2,0.694029850746269,3,,0.201,,,,,,,,,,,,090151.13+103020.4,67,12.2,,-0.15,,0.03,0.0,0.0,0.0,0.0,,,,,,,,,,,,6.5,,,,,,,,,,,,,,,21.86,15.991,-23.52,,,0.05,3.04138633963128E+27,0.694029850746269,21.7089430966518,
0904+5114,1500.0,180.0,,,U,U,18.4,6.0,18.4,6.0,0.4,2,0,0.225,,,,,,,,,,2019-08-13,2010-10-31,090454.99+511444.5,46.0,5.7,90455.403,0.0,511444.399,0.0,1550.0,1420.0,380.0,190.0,131.0,11.0,18.4,6.0,0.0,0.0,0.0,0.0,1.0,5.998842,6.19580704993304,7.1,26.6,6.8,26.6,6.8,3.74647887323944,1.0,,,90454.978,511444.81,0.33,46.0,5.7,1.0,21.8,16.637,-23.12,-23.8193790587605,29.6869416658075,0.06,3.49336347069533E+27,0.8,21.73991264634750,
0907+0215,0.0,0.0,,,U,U,20.3,2.3,20.3,2.3,0.6,4,0,0.273,,,,,,,,,,2019-08-20,2010-11-30,090725.91+021521.1,35.1,5.6,90725.919,-0.135,21521.07,-0.03,778.0,138.0,286.0,21.0,52.3,2.5,26.3,5.4,0.0,0.0,0.0,0.0,1.0,5.999145,0.138293166859393,6.5,19.4,2.7,17.1,5.1,2.98461538461538,0.0,,,90725.93800000000,21520.36,0.85,35.1,5.6,1.0,21.87,17.091000000000000,-23.09,-24.0864911435915,29.7937864997399,0.07,4.35336368522288E+27,0.6,21.64210452624930,
0923+4530,365.0,212.0,,,U,U,56.4,8.9,56.4,8.9,0.7,2,0,0.292,,,,,,,,,,2019-08-13,2010-10-31,092309.87+453046.4,86.0,6.3,92309.872,-0.03,453046.427,0.03,541.0,94.0,413.0,58.0,82.0,21.0,90.0,21.0,0.0,0.0,0.0,0.0,1.0,5.998901,0.0424264068711929,6.8,61.6,5.3,68.4,9.9,9.05882352941176,,,,92309.856,453046.59,0.24,86.0,6.3,1.0,22.33,17.747,-22.58,-23.640681736880000,29.61546273706,0.3,4.70371369334558E+27,0.7,22.151035632503900,
0929+4644,0.0,0.0,,,U,U,76.4,6.8,76.4,6.8,0.6,2,0,0.24,,,,,,,,,,2019-08-13,2010-10-31,092909.79+464424.0,127.0,8.0,92909.791,0.015,464424.054,0.05,437.0,50.0,275.0,19.0,101.0,5.9,65.0,11.0,0.0,0.0,0.0,0.0,1.0,5.998897,0.0522015325445528,7.0,82.1,6.2,84.0,11.0,11.728571428571400,,,,92909.808,464423.88,0.22,127.0,8.0,1.0,22.31,16.085,-23.82,-24.598639457358100,29.9986458252466,0.1,3.75817066788038E+27,0.6,22.093697064238600,
0930+2044,453.0,259.0,,,SR,U,91,17,47.7,6.0,1.56896551724138,3,,0.243,,,,,,,,,,,,093034.43+204416.6,58.0,5.4,,-0.05,,0.09,453.0,118.0,259.0,135.0,,,,,,,,,,,,7.0,,,,,,,,,,,,58,5.4,1.000,21.98,16.533,-23.4,,,0.07,3.76551959012333E+27,1.56896551724138,22.181559740473,
0934+0306,170.0,100.0,,,U,U,31.5,0.0,31.5,0.0,0.4,4,0,0.297,,,,,,,,,,2019-08-20,2010-11-30,093433.95+030645.1,71.0,4.4,0.0,0.0,0.0,0.0,0.0,0.0,0.0,0.0,0.0,0.0,31.5,0.0,0.0,0.0,0.0,0.0,0.0,,0.0,10.5,61.4,7.0,224.0,32.0,5.84761904761905,0.0,,,93433.942,30645.48,0.4,71.0,4.4,1.0,22.26,17.681000000000000,-22.68,-23.7131264729575,29.6444406314863,0.23,4.79682079351871E+27,0.4,21.914548900568400,
0935+4819,1740.0,220.0,1580,110,D,U,528.0,47.4,194.0,17.0,0.9,2,0.5,0.224,23.07,23.45,1993-11-15,22.90,23.28,1997-04-10,22.86,23.01,2019-04-18,2019-08-13,2010-10-31,093509.48+481910.2,601.0,28.4,93509.478,-0.03,481910.169,-0.03,1775.0,436.0,450.0,69.0,46.3,3.3,528.0,47.4,0.0,0.0,0.0,0.0,1.0,5.998889,0.0424264068711929,6.7,197.0,19.0,465.0,52.0,29.402985074626900,1.0,,,93509.48800000000,481909.9,0.31,601.0,28.4,1.0,22.92,17.026,-22.73,-23.3800251018139,29.5112000830289,1.07,3.47583958799164E+27,0.9,22.86722856612880,
0939+1710,320.0,243.0,,,U,U,58.4,5.7,58.4,5.7,0.621276595744681,3,,0.251,,,,,,,,,,,,093913.53+171050.2,94,9.1,,-0.17,,-0.03,320.0,110,243,110,,,,,,,,,,,,6.8,,,,,,,,,,,,94,9.1,1.000,22.22,17.149,-22.85,,,0.19,3.90658824819823E+27,0.957446808510638,22.2078704591284,
0942+3451,188.0,13.0,,,U,U,105.6,6.7,105.6,6.7,0.7,3,0,0.278,,,,,,,,,,2019-08-17,2010-11-15,094254.05+345133.1,155.0,11.9,94254.056,-0.09,345133.136,0.04,459.0,33.0,358.0,20.0,95.4,9.1,117.0,12.0,0.0,0.0,0.0,0.0,1.0,5.998674000000000,0.098488578017961,7.3,107.0,6.9,111.0,12.0,14.6575342465753,,,,94254.026,345133.13,0.3,155.0,11.9,1.0,22.54,17.594,-22.63,-23.614586383639700,29.6050245957592,0.47,4.44502633008107E+27,0.7,22.375819888974700,
0943+2805,243.0,183.0,,,U,U,42.7,6.0,42.7,6.0,0.7,3,0,0.267,,,,,,,,,,2019-08-17,2010-11-15,094305.15+280536.1,57.0,5.9,94305.151,0.015,280536.132,-0.03,471.0,71.0,398.0,52.0,103.0,31.0,56.0,13.0,0.0,0.0,0.0,0.0,1.0,5.998713,0.0335410196624968,6.8,38.8,7.5,66.0,19.0,5.705882352941180,,,,94305.149,280535.17,0.93,57.0,5.9,1.0,22.06,17.457,-22.68,-23.6518800227954,29.6199420514215,0.15,4.24387774134362E+27,0.7,21.943576527805500,
0944+3608,470.0,184.0,,,M,U,121.6,20.8,35.2,6.5,1.3,1,0,0.228,,,,,,,,,,2019-08-04,2010-10-15,094427.99+360837.1,94.0,8.6,94427.994,-0.05,360837.029,-0.07,593.0,122.0,429.0,70.0,24.0,20.0,121.6,20.8,42.0,21.0,22.4,7.7,1.0,5.999088,0.0860232526704263,6.4,44.2,6.3,74.0,16.0,6.90625,1.0,0.0,0.0,94428.006,360837.57,0.51,94.0,8.6,1.0,22.13,17.03,-22.76,-23.476828360119,29.549921386351,0.17,3.54603302719345E+27,1.2,22.214580918506000,
0946+2056,340.0,60.0,,,U,U,77.3,6.7,77.3,6.7,0.7,3,0,0.28,,,,,,,,,,2019-08-17,2010-11-15,094636.42+205610.9,110.0,9.6,94636.426,-0.09,205610.903,-0.03,477.0,48.0,344.0,26.0,117.5,9.1,86.0,13.0,0.0,0.0,0.0,0.0,1.0,5.99876,0.09,7.0,80.7,6.5,72.0,11.0,11.5285714285714,,,,94636.39200000000,205611.03,0.42,110.0,9.6,1.0,22.39,17.321000000000000,-22.91,-23.909649020205000,29.7230496503853,0.26,4.48179884680854E+27,0.7,22.247271580050700,
0948+4335,537.0,329.0,,,SR,U,94.0,27.0,44.0,8.6,0.4,2,0,0.226,,,,,,,,,,2019-08-13,2010-10-31,094859.47+433518.9,260.0,16.9,94859.473,-0.045,433519.01,0.11,647.0,96.0,503.0,64.0,52.0,20.0,94,27,0.0,0.0,0.0,0.0,1.0,5.998938,0.118848643240047,7.1,50.3,7.6,57.0,15.0,7.084507042253520,1.0,,,94859.48300000000,433519.0,0.17,260.0,16.9,1.0,22.56,16.367,-23.4,-24.097833612435500,29.7983234872775,0.25,3.51090368429298E+27,0.5,22.24650539361190,
0950+3926,184.0,133.0,,,U,U,154.4,7.7,154.4,7.7,1.0,1,0,0.206,,,,,,,,,,2019-08-04,2010-10-15,095048.38+392650.4,155.0,11.0,95048.377,0.04,392650.487,0.09,437.0,23.0,383.0,18.0,90.0,14.0,182.0,15.0,0.0,0.0,0.0,0.0,1.0,5.999064,0.098488578017961,7.2,155.5,5.7,165.0,10.0,21.5972222222222,0.0,0.0,0.0,95048.39200000000,392650.24,0.21,155.0,11.0,1.0,22.25,15.952,-23.62,-24.2903100156671,29.8753140485702,0.1,3.16322431630272E+27,1.0,22.25346271221980,
0952+2051,371.0,215.0,,,U,U,47.8,2.9,47.8,2.9,2.6,3,0,0.276,,,,,,,,,,2019-08-17,2010-11-15,095236.13+205143.5,18.1,5.3,95236.132,0.03,205143.64,0.14,542.0,37.0,410.0,23.0,102.4,7.9,72.0,6.8,0.0,0.0,0.0,0.0,1.0,5.998765000000000,0.143178210632764,3.9,47.8,3.5,62.2,7.4,12.2564102564103,,,,95236.165,205144.44,1.06,18.1,5.3,1.0,21.6,17.615,-22.59,-23.6148304073521,29.605122205244200,0.06,4.408315144721E+27,2.6,22.024600724947100,
0953+3801,0.0,0.0,,,ND,U,17.1,0.0,17.1,0.0,0.5,3,0,0.273,,,,,,,,,,2019-08-17,2010-11-15,095302.64+380145.2,33.2,4.1,0.0,0.0,0.0,0.0,0.0,0.0,0.0,0.0,0.0,0.0,17.1,0.0,0.0,0.0,0.0,0.0,0.0,,0.0,5.7,17.1,,17.1,,,,,,95302.72300000000,380145.62,1.07,33.2,4.1,1.0,21.85,17.493,-22.69,-23.6642896033709,29.6249058836517,0.09,4.35336368522288E+27,0.5,21.56760459872830,
1000+1047,112.0,49.0,1780,159,U,U,549.9,7.7,549.9,7.7,2.4,1,2,0.226,,,,22.96,23.34,2000-01-15,22.81,22.95,2017-11-26,2019-08-04,2010-10-15,100033.88+104723.7,233.0,13.9,100033.886,-0.09,104723.745,0.09,429.9,6.5,365.8,4.7,32.1,3.2,581.0,14.0,0.0,0.0,0.0,0.0,1.0,5.999312000000000,0.127279220613579,7.3,550.3,6.0,558.0,11.0,75.38356164383560,0.0,0.0,0.0,100033.86,104723.93,0.37,233.0,13.9,1.0,22.51,16.244,-23.53,-24.2647192985822,29.8650777617362,0.2,3.51090368429298E+27,2.4,22.893367428131500,52999
1004+1510,266.0,190.0,1170,62,M,U,243.0,24.4131112314674,149.9,9.2,0.6,1,0.5,0.219,22.92,23.30,1993-12-06,22.75,23.13,1999-11-15,22.52,22.67,2017-10-06,2019-08-04,2010-10-15,100438.82+151057.3,420.0,25.4,100438.825,-0.07,151057.241,-0.06,266.0,78.0,190.0,113.0,,,205.0,20.0,38.0,14.0,22.7,5.3,1.0,5.999282,0.0921954445729289,6.2,150.5,5.0,185.0,10.0,24.274193548387100,1.0,0.0,0.0,100438.85,151056.87,0.61,420.0,25.4,1.0,22.74,16.841000000000000,-22.86,-23.561619853346100,29.5838379836418,0.63,3.38846581263929E+27,0.6,22.508662556584400,
1005+4230,0.0,0.0,,,U,U,23.7,3.4,23.7,3.4,0.2,2,0,0.257,,,,,,,,,,2019-08-13,2010-10-31,100528.34+423037.5,114.0,6.1,100528.344,-0.06,423037.568,0.07,412.0,78.0,251.0,28.0,101.4,8.6,18.8,5.4,0.0,0.0,0.0,0.0,1.0,5.998961,0.0921954445729289,6.6,27.6,2.9,21.9,4.5,4.18181818181818,1.0,,,100528.35,423036.99,0.52,114.0,6.1,1.0,22.33,16.736,-23.31,-24.2216247983495,29.8478399616431,0.16,4.06264605226278E+27,0.2,21.65110328976630,
1007+5007,700.0,150.0,,,U,U,31.1,5.6,31.1,5.6,0.3,1,0,0.212,,,,,,,,,,2019-08-04,2010-10-15,100744.54+500746.6,99.8,7.6,100744.559,-0.18,500746.807,0.21,707.0,155.0,378.0,49.0,49.6,7.9,31.1,5.6,0.0,0.0,0.0,0.0,1.0,5.99898,0.276586333718787,7.6,34.0,4.7,32.0,8.5,4.47368421052632,1.0,0.0,0.0,100744.55,500746.78,0.2,99.8,7.6,1.0,22.08,16.8,-22.83,-23.508584508828900,29.5626238458349,0.14,3.2668338324597E+27,0.4,21.735565484099500,
1010+3003,206.0,94.0,1315,67,SR,U,503.0,18.0,431.3,9.1,1.0,1,0.5,0.256,x,x,x,22.95,23.32,1993-04-13,23.08,23.22,2019-04-22,2019-08-04,2010-10-15,101000.68+300321.5,490.0,24.0,101000.687,-0.09,300321.587,0.09,442.2,10.1,376.6,7.4,86.3,4.9,503.0,18.0,0.0,0.0,0.0,0.0,1.0,5.999164,0.127279220613579,6.7,431.5,7.4,483.0,14.0,64.4029850746269,0.0,0.0,0.0,101000.685,300321.53,0.07,490.0,24.0,1.0,22.96,16.93,-23.11,-24.0233441106245,29.768527686553100,0.8,4.04460905010623E+27,1.0,22.974169929980200,
1013+0204,0.0,0.0,,,U,U,21.9,2.9,21.9,2.9,1.0,4,0,0.22,,,,,,,,,,2019-08-20,2010-11-30,101312.15+020416.4,21.5,8.6,101312.152,0.03,20416.366,-0.03,587.0,110.0,292.0,28.0,20.3,5.1,23.5,5.7,0.0,0.0,0.0,0.0,1.0,5.999223000000000,0.0424264068711929,4.0,25.0,2.0,32.1,4.3,6.3,0.0,,,101312.22,20416.09,1.09,21.5,8.6,1.0,21.45,16.792,-22.92,-23.6374590978691,29.614173681451,0.03,3.40590775161517E+27,1.0,21.46784478699220,
1013+2212,211.0,142.0,825,81,M,U,400.0,22.627416997969500,292.9,8.3,1.1,3,0.5,0.274,x,x,x,22.81,23.18,1998-09-15,22.90,23.03,2019-04-18,2019-08-17,2010-11-15,101325.43+221229.4,365.0,17.8,101325.433,-0.045,221229.418,0.02,466.0,14.0,396.0,10.0,118.2,6.6,354.0,16.0,46.0,16.0,34.5,7.6,1.0,5.998771,0.0492442890089805,6.8,293.5,8.5,380.0,20.0,43.1617647058824,,,,101325.42,221229.16,0.28,365.0,17.8,1.0,22.89,17.474,-22.71,-23.718279895269600,29.6465020004112,0.98,4.3716654379985E+27,1.1,22.94020198882160,
1021+1900,0.0,0.0,,,M,U,60.6,6.4,35.9,3.5,2.0,3,0,0.247,,,,,,,,,,2019-08-17,2010-11-15,102101.20+190012.3,29.9,8.6,102101.21,-0.15,190012.33,0.03,449.0,51.0,331.0,27.0,95.0,11.0,33.6,5.8,0.0,0.0,24.7,5.3,1.0,5.998799,0.152970585407784,5.7,36.9,4.9,56.5,9.8,6.47368421052632,,,,102101.28,190011.28,1.53,29.9,8.6,1.0,21.71,16.82,-23.14,-23.995505471734800,29.7573922309972,0.04,3.88298665600197E+27,1.2,21.793285885249400,
1034+6053,1140.0,610.0,,,U,U,27.6,7.3,27.6,7.3,1.3,1,0,0.228,,,,,,,,,,2019-08-04,2010-10-15,103421.71+605318.1,20.7,13.0,103421.706,0.04,605318.186,0.08,1220.0,350.0,760.0,190.0,36.0,21.0,143.0,45.0,0.0,0.0,0.0,0.0,1.0,5.998892,0.0894427190999916,8.6,36.1,8.2,58.0,20.0,4.19767441860465,0.0,1.0,0.0,0.0,0.0,0.0,13.0,20.7,1.0,21.46,17.118,-22.67,0.04,-23.389049978173800,29.514810033572800,3.54603302719345E+27,11.0,22.31683851248770,
1036+2750,705.0,261.0,,,SR,U,75.0,22.0,31.4,6.5,2.6,3,0,0.282,,,,,,,,,,2019-08-17,2010-11-15,103609.28+275019.9,29.3,5.6,103609.282,-0.03,275019.929,0.03,822.0,205.0,448.0,78.0,107.0,11.0,75.0,22.0,0.0,0.0,0.0,0.0,1.0,5.998752,0.0424264068711929,5.7,31.9,6.5,70.0,20.0,5.596491228070180,1.0,,,103609.28,275020.68,0.78,29.3,5.6,1.0,21.83,17.436,-22.82,-23.8404858497963,29.6953843822218,0.08,4.51863254790691E+27,2.6,22.241043085113800,
1040+6002,340.0,60.0,,,ND,U,13.2,0.0,13.2,0.0,0.7,1,0,0.297,,,,,,,,,,2019-08-04,2010-10-15,104041.50+600239.3,19.7,6.3,0.0,0.0,0.0,0.0,0.0,0.0,0.0,0.0,0.0,0.0,13.2,0.0,0.0,0.0,0.0,0.0,0.0,,0.0,4.4,10.0,,10.0,,,1.0,0.0,0.0,104041.42,600239.6,0.67,19.7,6.3,1.0,21.7,17.771,-22.59,-23.672745608626,29.628288285754,0.07,4.79682079351871E+27,0.7,21.536812277984700,
1041+2828,154.0,70.0,,,M,U,117.9,11.6056020955399,90.3,5.9,1.0,1,0,0.211,,,,,,,,,,2019-08-04,2010-10-15,104111.97+282805.0,116.0,9.2,104111.971,-0.01,282805.144,0.15,445.0,32.0,368.0,22.0,66.0,13.0,98.0,11.0,19.9,3.7,37.5,3.2,1.0,5.999201,0.150332963783729,7.1,97.7,5.2,124.0,11.0,13.760563380281700,1.0,0.0,0.0,104111.96,282804.87,0.19,116.0,9.2,1.0,22.14,16.17,-23.45,-24.1299062886832,29.811152557776600,0.09,3.24952400990071E+27,1.0,22.159127912501300,
1045+2933,190.0,120.0,596,104,M,U,323.2,14.9,283.0,8.0,1.8,1,2,0.293,,,,22.74,23.1,1993-05-04,22.83,22.9,2019-04-13,2019-08-04,2010-10-15,104528.30+293344.7,179.0,11.4,104528.308,-0.01,293344.709,0.11,440.0,13.0,389.0,10.0,64.3,8.7,298.0,14.0,25.2,5.1,31.2,3.3,1.0,5.999193,0.110453610171873,6.9,284.5,7.3,307.0,13.0,41.231884057971,1.0,0.0,0.0,104528.305,293344.5,0.21,179.0,11.4,1.0,22.65,17.581,-22.75,-23.8079946600771,29.6823879063342,0.53,4.72230503180822E+27,1.8,22.91254534903500,53383
1045+5202,205.0,124.0,490,150,M,U,221.0,25.4950975679639,132.1,5.8,1.1,1,0.5,0.284,x,x,x,22.62,22.99,1997-05-04,22.83,22.96,2017-09-26,2019-08-04,2010-10-15,104541.76+520235.5,195.0,11.6,104541.76,0.0,520235.535,0.04,529.0,27.0,393.0,15.0,92.3,5.1,154.0,11.0,67.0,23.0,22.0,5.8,1.0,5.998981,0.04,7.0,133.8,5.7,150.0,11.0,19.1142857142857,1.0,0.0,0.0,104541.77,520235.5,0.09,195.0,11.6,1.0,22.66,16.76,-23.51,-24.4727497431003,29.9482899395434,0.27,4.55552728665421E+27,1.1,22.71721808495390,
1054+3511,299.0,164.0,,,SR,U,83.0,14.0,63.2,6.5,0.7,2,0,0.205,,,,,,,,,,2019-08-13,2010-10-31,105416.19+351124.1,119.0,10.6,105416.193,-0.045,351124.175,0.08,551.0,66.0,387.0,34.0,85.9,9.9,83.0,14.0,0.0,0.0,0.0,0.0,1.0,5.99906,0.0917877987534291,6.3,66.6,6.5,82.0,13.0,10.5714285714286,,,,105416.2,351124.02,0.15,119.0,10.6,1.0,22.13,16.783,-22.78,-23.4352207787363,29.533278353797800,0.17,3.14601439795299E+27,0.7,21.97927138294830,
1100+2838,0.0,0.0,,,U,U,22.5,3.5,22.5,3.5,0.7,3,0,0.243,,,,,,,,,,2019-08-17,2010-11-15,110052.34+283801.2,30.6,8.3,110052.338,-0.03,283801.125,-0.07,518.0,117.0,255.0,28.0,18.2,5.8,21.6,6.5,0.0,0.0,0.0,0.0,1.0,5.998769,0.0761577310586391,5.5,25.1,4.5,32.3,9.8,4.56363636363636,,,,110052.34,283801.2,0.0,30.6,8.3,1.0,21.7,17.119,-22.81,-23.6084554774009,29.602572233263700,0.06,3.81156735114096E+27,0.7,21.574700866263300,
1102+0844,619.0,206.0,,,U,U,26.6,3.7,26.6,6.2,0.4,4,0,0.294,,,,,,,,,,2019-08-20,2010-11-30,110205.92+084435.7,68.7,8.3,110205.974,0.81,84435.134,-0.57,724.0,203.0,440.0,90.0,127.0,16.0,26.6,3.7,0.0,0.0,0.0,0.0,1.0,5.999218,0.990454441153151,6.2,31.6,3.7,27.4,5.9,5.09677419354839,0.0,,,110205.92300000000,84435.17,0.53,68.7,8.3,1.0,22.24,16.344,-24.0,-25.0431430746449,30.1764472721613,0.07,4.74091142917165E+27,0.7,22.08762208108400,
1118+3103,313.0,177.0,,,M,U,121,14.5,25.6,4.4,0.902985074626866,3,0,0.27,,,,,,,,,,2019-08-17,2010-11-15,111842.83+310317.4,134.0,9.7,111842.831,0.015,310317.403,0.0,486.0,56.0,394.0,38.0,38.0,18.0,44.9,7.3,0.0,0.0,0.0,0.0,1.0,5.998766000000000,0.015,6.6,29.0,5.1,28.5,8.8,4.39393939393939,,,,111842.85,310317.4,0.26,134.0,9.7,1.0,22.44,17.444000000000000,-22.71,-23.7078833407148,29.6423433785892,0.35,4.29855105090999E+27,0.3,21.976180893927500,
1120+4235,370.0,190.0,,,U,U,40.2,5.3,40.2,5.3,1.4,2,0,0.227,,,,,,,,,,2019-08-13,2010-10-31,112007.43+423551.3,29.5,6.7,112007.431,0.015,423551.402,0.1,474.0,72.0,354.0,41.0,72.0,16.0,45.0,10.0,0.0,0.0,0.0,0.0,1.0,5.999006,0.101118742080783,6.0,42.4,3.5,37.9,5.8,7.06666666666667,,,,112007.42,423551.33,0.12,29.5,6.7,1.0,21.62,16.848,-22.93,-23.627725861233700,29.6102803867968,0.04,3.52846020953655E+27,1.4,21.761527856592200,
1124+4201,376.0,372.0,,,U,U,25.9,4.3,25.9,4.3,1.0,2,0,0.225,,,,,,,,,,2019-08-13,2010-10-31,112439.18+420145.0,26.1,5.3,112439.185,-0.075,420145.006,0.01,566.0,97.0,507.0,80.0,93.0,58.0,51.0,12.0,0.0,0.0,0.0,0.0,1.0,5.999013,0.0756637297521078,4.9,30.3,3.7,33.8,6.9,6.18367346938776,,,,112439.22,420145.2,0.49,26.1,5.3,1.0,21.56,15.623,-24.14,-24.856489919822,30.101786010232,0.01,3.49336347069533E+27,1.0,21.562147803402300,
1125+2513,540.0,170.0,,,U,SR,30.1,4.7,30.1,4.7,0.3,3,0,0.272,,,,,,,,,,2019-08-17,2010-11-15,112503.68+251302.3,93.6,9.3,112503.692,-0.18,251302.267,-0.03,544.0,101.0,368.0,50.0,135.0,14.0,44.0,11.0,0.0,0.0,0.0,0.0,1.0,5.998809,0.182482875908947,6.7,33.5,5.7,53.0,14.0,5.0,,,,112503.72300000000,251302.32,0.58,93.6,9.3,1.0,22.3,17.191,-22.98,-23.9460455581352,29.737608265557400,0.19,4.33507735745653E+27,0.3,21.809629298131100,
1129+0629,551.0,77.0,,,SR,U,102.0,18.0,55.9,6.5,0.7,4,0,0.241,,,,,,,,,,2019-08-20,2010-11-30,112959.40+062952.9,154.0,9.2,112959.405,-0.075,62952.914,-0.01,664.0,92.0,409.0,40.0,108.3,7.9,102.0,18.0,0.0,0.0,0.0,0.0,1.0,5.999255000000000,0.0756637297521078,6.1,61.0,5.9,81.0,13.0,10.0,1.0,,,112959.38,62952.96,0.3,154.0,9.2,1.0,22.39,17.245,-22.67,-23.4597825155085,29.543103048506700,0.34,3.77595354383446E+27,0.7,22.223190891352000,
1129+5120,517.0,274.0,880,121,SR,U,166.0,20.0,103.9,7.9,0.3,1,1,0.234,,,,22.69,23.07,1997-04-29,22.60,22.75,2019-05-10,2019-08-04,2010-10-15,112941.94+512050.5,501.0,44.6,112941.94,0.01,512050.629,0.13,853.0,83.0,450.0,27.0,73.4,3.5,166.0,20.0,0.0,0.0,0.0,0.0,1.0,5.999001,0.13038404810405300,8.2,105.1,8.7,161.0,21.0,12.8170731707317,0.0,0.0,0.0,112941.94,512050.69,0.19,501.0,44.6,1.0,22.88,17.019000000000000,-22.83,-23.5310995867002,29.571629876983400,0.89,3.65181099874317E+27,0.3,22.40645688392310,
1130+0222,240.0,78.0,,,U,U,114.0,5.1,114.0,5.1,0.8,4,0,0.241,,,,,,,,,,2019-08-20,2010-11-30,113020.99+022211.5,142.0,10.6,113021.0,-0.15,22211.503,0.0,434.0,20.0,391.0,17.0,44.0,17.0,127.1,9.6,0.0,0.0,0.0,0.0,1.0,5.999286,0.15,6.5,115.1,5.3,118.3,9.4,17.7076923076923,1.0,,,113021.01,22211.95,0.54,142.0,10.6,1.0,22.36,17.285,-22.63,-23.442286447498200,29.5361046213026,0.32,3.77595354383446E+27,0.8,22.271495570926600,
1138+4503,98.0,21.0,,,U,U,166.8,11.0,166.8,6.2,1.4,2,0,0.3,,,,,,,,,,2019-08-13,2010-10-31,113858.79+450338.5,122.0,10.6,113858.793,-0.045,450338.47,-0.03,437.0,19.0,337.0,11.0,92.3,5.0,160.0,11.0,0.0,0.0,0.0,0.0,1.0,5.998991,0.0540832691319598,6.8,168.3,5.2,152.6,8.6,24.75,,,,113858.81,450338.33,0.27,122.0,10.6,1.0,22.51,17.475,-22.91,-23.984618869292600,29.753037590020400,0.33,4.85286503657633E+27,1.3,22.63012270208600,
1146+3715,667.0,83.0,,,M,U,180.0,23.950782868207000,43.2,6.0,2.0,2,0,0.295,,,,,,,,,,2019-08-13,2010-10-31,114646.02+371511.7,90.8,5.8,114645.777,-0.06,371509.83700000000,0.05,778.0,138.0,384.0,42.0,120.4,5.9,88.0,18.0,92.0,15.8,36.8,5.7,1.0,5.999066,4.09214185971112,6.4,48.0,5.8,212.0,46.0,7.5,1.0,,,114645.92,371511.09,1.34,90.8,5.8,1.0,22.36,17.032,-23.32,-24.3431029336172,29.896431215750200,0.16,4.75953286731232E+27,2.0,22.664949643556400,
1155+5021,1690.0,760.0,<390,,M,U,69.7,7.8,37.3,3.6,1.3,1,-1,0.284,,,,,,,,,,2019-08-04,2010-10-15,115549.43+502117.2,53.4,5.6,115549.437,-0.07,502117.256,0.06,1790.0,830.0,840.0,320.0,68.0,18.0,69.7,7.8,75.6,15.5,66.6,7.9,1.0,5.999014,0.0921954445729289,8.3,49.1,4.8,68.0,11.0,5.9156626506024100,0.0,0.0,0.0,115549.46,502117.07,0.32,53.4,5.6,1.0,22.09,17.456,-22.81,-23.96479263517290,29.7451070963725,0.14,4.55552728665421E+27,3.8,22.68160358493350,
1155+5931,300.0,206.0,633,111,SR,U,236.0,24.0,167.0,11.0,0.8,1,1,0.241,22.83,23.21,1993-11-23,22.57,22.95,2002-7-15,22.81,22.96,2017-11-27,2019-08-04,2010-10-15,115558.97+593129.2,293.0,14.1,115558.973,-0.03,593129.311,0.11,525.0,37.0,420.0,25.0,117.0,11.0,236.0,24.0,0.0,0.0,0.0,0.0,1.0,5.998922,0.114017542509914,7.6,177.5,9.1,223.0,19.0,23.355263157894700,0.0,0.0,0.0,115558.97,593129.45,0.25,293.0,14.1,1.0,22.67,17.278,-22.63,-23.4242995458042,29.528909860625,0.66,3.77595354383446E+27,0.8,22.587502722560200,
1157-0022,853.0,315.0,,,M,U,138.0,35.0,47.1,9.1,0.9,4,0,0.26,,,,,,,,,,2019-08-20,2010-11-30,115758.72-002220.9,156.0,9.3,115758.727,-0.105,-2220.776,-0.12,958.0,220.0,480.0,77.0,166.5,8.7,138.0,35.0,0.0,0.0,0.0,0.0,1.0,5.999321,0.15945218719102,6.5,76.6,6.5,146.5,18.5,11.7846153846154,,,,115758.72,-2220.65,0.25,156.0,9.3,1.0,22.47,17.23,-22.84,-24.271411134711,29.867754496188000,0.34,4.1168513205554E+27,0.9,22.42741130771270,
1157-0315,319.0,240.0,2580,140,SR,U,635,20,450.3,9.2,1.05132450331126,4,1,0.215,23.23,23.61,1995-02-27,23.07,23.46,1998-09-16,22.92,23.06,2018-01-12,2019-08-20,2010-11-30,115753.20-031537.1,604.0,21.7,0.0,-0.02,-0.02,0.0,0.0,0.0,0.0,0.0,0.0,0.0,28.5,0.0,0.0,0.0,0.0,0.0,0.0,,0.0,9.5,443.0,10.0,656.0,23.0,46.6315789473684,,,,115753.20200000000,-31536.99,0.32,604.0,21.7,1.0,22.88,16.801,-22.86,-23.4828656772392,29.552336313199,0.87,3.31886271740258E+27,0.0,21.560335040806500,
1159+5106,410.0,173.0,,,U,U,32.7,7.5,32.7,7.5,0.7,1,0,0.29600000000000000,,,,,,,,,,2019-08-04,2010-10-15,115901.72+510630.7,49.4,5.4,115901.734,-0.13,510630.775,0.08,746.0,219.0,422.0,77.0,64.0,12.0,45.0,17.0,0.0,0.0,0.0,0.0,1.0,5.999007,0.152643375224737,8.2,44.8,5.3,55.0,11.0,5.46341463414634,0.0,0.0,0.0,115901.74,510630.56,0.24,49.4,5.4,1.0,22.1,17.532,-22.82,-23.8873560339994,29.7141324559031,0.14,4.77816932812419E+27,0.7,21.927510702731800,
1202+0225,0.0,0.0,,,U,U,25.9,5.6,25.9,5.6,0.6,4,0,0.273,,,,,,,,,,2019-08-20,2010-11-30,120233.08+022559.7,43.4,14.3,120233.084,-0.06,22559.705,-0.01,516.0,73.0,318.0,28.0,123.6,7.2,25.9,5.6,0.0,0.0,0.0,0.0,1.0,5.999303,0.0608276253029822,6.9,33.9,4.1,101.0,15.6,4.91304347826087,,,,120233.09,22559.94,0.28,434.0,14.3,1.0,22.97,17.292,-22.89,-23.9671535250459,29.7460514523217,0.99,4.35336368522288E+27,0.2,22.154152423878000,
1204+1702,229.0,74.0,<450,,SR,U,215.0,17.0,180.1,8.5,1.0,3,-1,0.298,,,,,,,,,,2019-08-17,2010-11-15,120447.91+170256.8,214.0,11.9,120447.916,-0.09,170256.83400000000,0.03,439.0,22.0,384.0,17.0,152.0,13.0,215.0,17.0,0.0,0.0,0.0,0.0,1.0,5.998899,0.0948683298050514,6.9,181.7,7.5,216.0,15.0,26.3333333333333,,,,120447.93,170256.45,0.45,214.0,11.9,1.0,22.74,17.084,-23.29,-24.325456685889500,29.889372716659100,0.4,4.81548724542493E+27,1.0,22.75194185602510,
1206+2814,1770.0,640.0,,,U,U,26.8,3.5,26.8,3.5,0.4,1,0,0.293,,,,,,,,,,2019-08-04,2010-10-15,120629.36+281436.1,64.7,5.6,120629.366,-0.09,281435.292,-0.01,1830.0,500.0,750.0,160.0,87.3,8.7,73.8,16.8,0.0,0.0,0.0,0.0,1.0,5.999229,0.814984662432368,7.0,35.5,1.9,35.6,3.4,5.07142857142857,1.0,0.0,0.0,120629.35,281436.1,0.13,64.7,5.6,1.0,22.21,17.433,-22.9,-23.9370103435625,29.733994179728300,0.17,4.72230503180822E+27,2.6,22.623182084972500,
1209+0232,596.0,286.0,,,SR,U,93.0,25.0,40.7,8.0,0.9,4,0,0.238,,,,,,,,,,2019-08-20,2010-11-30,120944.81+023212.7,107.0,11.5,120944.814,0.03,23212.729,0.03,709.0,156.0,493.0,87.0,122.0,19.0,93.0,25.0,0.0,0.0,0.0,0.0,1.0,5.999306,0.0670820393249937,6.8,45.5,6.9,61.0,15.0,6.691176470588240,,,,120944.8,23212.47,0.27,107.0,11.5,1.0,22.22,17.276,-22.61,-23.363176399275800,29.5044606020136,0.24,3.72265306643376E+27,0.9,22.17106559764750,
1210+0154,0.0,0.0,,,U,U,42.4,6.8,42.4,6.8,1.2,4,0,0.21600000000000000,,,,,,,,,,2019-08-20,2010-11-30,121018.34+015405.9,35.7,4.7,121018.352,-0.18,15405.908,0.01,408.0,69.0,366.0,55.0,54.0,55.0,41.0,11.0,0.0,0.0,0.0,0.0,1.0,5.999311,0.18027756377319900,6.6,45.7,4.0,29.5,5.3,6.92424242424242,,,,121018.33,15406.29,0.42,35.7,4.7,1.0,21.65,16.914,-22.76,-23.4332236844088,29.5324795160668,0.06,3.33623875337153E+27,1.2,21.73727618456080,
1210+2725,458.0,332.0,,,SR,U,72.0,17.0,37.7,6.1,0.5,1,0,0.23,,,,,,,,,,2019-08-04,2010-10-15,121045.63+272536.4,141.0,10.9,121045.635,-0.07,272536.484,0.0,644.0,113.0,503.0,75.0,51.0,24.0,72.0,17.0,0.0,0.0,0.0,0.0,1.0,5.999236,0.07,7.4,45.3,5.5,77.0,14.0,6.121621621621620,1.0,0.0,0.0,121045.64,272536.48,0.16,141.0,10.9,1.0,22.31,16.979,-22.83,-23.5633182058809,29.5845173246557,0.24,3.5812274628942E+27,0.5,22.027184636171400,
1212+1859,504.0,71.0,,,SR,U,117.0,19.0,68.9,7.3,0.7,3,0,0.215,,,,,,,,,,2019-08-17,2010-11-15,121224.89+185920.1,171.0,10.4,121224.899,-0.135,185920.173,0.07,629.0,80.0,388.0,34.0,123.7,7.1,117.0,19.0,0.0,0.0,0.0,0.0,1.0,5.998891,0.152069063257456,6.5,70.9,6.6,127.9,16.0,10.907692307692300,,,,121224.9,185920.09,0.14,171.0,10.4,1.0,22.33,16.972,-22.69,-23.3941427694412,29.516847150079800,0.29,3.31886271740258E+27,0.7,22.17367604254420,
1218+3522,207.0,156.0,2040,120,U,U,440.6,8.3,440.6,8.3,0.8,1,1,0.24,23.24,23.63,1995-04-16,23.08,23.45,1994-07-05,22.97,23.14,2017-12-02,2019-08-04,2010-10-15,121832.68+352255.8,586.0,21.9,121832.685,-0.06,352255.838,0.04,485.4,12.9,409.9,9.3,82.2,5.4,541.0,22.0,0.0,0.0,0.0,0.0,1.0,5.999161,0.0721110255092798,7.9,445.3,9.7,532.0,19.0,56.3670886075949,0.0,0.0,0.0,121832.68,352255.74,0.06,586.0,21.9,1.0,22.97,17.266,-22.64,-23.400434321490400,29.5193637708995,1.3,3.75817066788038E+27,0.8,22.85700743188600,
1220+0641,128.0,19.0,554,79,U,U,318.9,8.6,318.9,8.6,0.8,4,0.5,0.28600000000000000,x,x,x,22.68,23.05,2000-02-07,22.85,22.98,2019-05-01,2019-08-20,2010-11-30,122018.43+064119.6,392.0,14.8,122018.441,-0.165,64119.59,-0.01,412.0,11.5,381.5,9.9,11.0,14.0,338.0,15.0,0.0,0.0,0.0,0.0,1.0,5.9992790000000000,0.165302752548165,6.9,322.0,8.6,343.0,16.0,46.6666666666667,,,,122018.45,64119.53,0.31,392.0,14.8,1.0,22.97,17.455,-22.83,-23.8727002751436,29.7082701523608,1.04,4.59248291660373E+27,0.8,22.883279194521000,
1221+2604,235.0,106.0,<420,,SR,U,293.0,16.0,249.1,8.3,0.9,1,-1,0.278,,,,,,,,,,2019-08-04,2010-10-15,122157.77+260457.7,310.0,16.8,122157.773,0.0,260457.762,0.06,528.0,20.0,389.0,11.0,77.0,3.8,293.0,16.0,0.0,0.0,0.0,0.0,1.0,5.999248000000000,0.06,8.2,251.2,7.3,272.0,14.0,30.6,1.0,1.0,0.0,122157.79,260457.81,0.29,310.0,16.8,1.0,22.84,17.249000000000000,-22.97,-23.962582314720400,29.7442229681915,0.68,4.44502633008107E+27,0.9,22.819023591131000,
1233+3101,1280.0,350.0,,,U,U,27.4,4.4,27.4,4.4,0.4,3,0,0.29100000000000000,,,,,,,,,,2019-08-17,2010-11-15,123341.68+310102.8,61.6,6.2,123341.673,-0.105,310102.684,-0.12,1340.0,400.0,500.0,100.0,58.2,7.3,27.4,4.4,0.0,0.0,0.0,0.0,1.0,5.998821,0.15945218719102,6.8,22.4,3.9,241.0,45.0,3.29411764705882,,,,123341.64,310103.54,0.9,61.6,6.2,1.0,22.18,16.771,-23.55,-24.5808390368862,29.9915256570578,0.09,4.68513743192475E+27,1.7,22.417617667229400,
1233+6443,546.0,69.0,,,M,U,209,16.4,40.3,5.1,0.863636363636364,1,-1,0.222,,,,,,,,,,2019-08-04,2010-10-15,123341.80+644317.4,242.0,10.1,123341.441,0.1,644319.5080000000,0.0,828.0,150.0,361.0,32.0,85.6,3.9,74,14,150.0,18.0,133.0,8.7,1.0,5.99887,3.16862746311396,7.8,136.3,7.8,137.0,15.0,17.474358974359,0.0,0.0,0.0,123341.537,644318.87,2.27,242.0,10.1,1.0,22.51,17.105,-22.63,-23.357816334173900,29.502316575972900,0.46,3.4408408923352E+27,0.8,22.443530089940500,
1235+4104,1717.0,666.0,510,0,E,U,554.0,67.0,56.8,6.2,2.1,2,0.5,0.212,x,x,x,22.35,22.74,1994-09-02,22.50,22.66,2019-04-15,2019-08-13,2010-10-31,123532.83+410445.1,266.0,16.1,123532.835,-0.02,410445.158,-0.03,1760.0,210.0,757.0,76.0,66.6,4.3,554.0,67.0,0.0,0.0,0.0,0.0,1.0,5.999039,0.0960468635614927,6.9,58.9,6.2,444.0,53.0,8.53623188405797,,,,123532.84,410445.24,0.18,266.0,16.1,1.0,22.51,16.811,-22.82,-23.502996967447,29.560388829282000,0.39,3.2668338324597E+27,2.1,22.83562257234170,
1245+0321,391.0,167.0,,,SR,U,137.0,17.0,86.0,6.9,1.1,4,0,0.227,,,,,,,,,,2019-08-20,2010-11-30,124551.03+032128.3,124.0,8.8,124551.042,-0.18,32128.298,0.0,535.0,46.0,436.0,32.0,55.0,15.0,137.0,17.0,0.0,0.0,0.0,0.0,1.0,5.99931,0.18,6.9,87.8,6.9,137.0,16.0,12.7246376811594,,,,124551.04,32128.23,0.17,124.0,8.8,1.0,22.24,16.966000000000000,-22.81,-23.53670214088,29.573870898660000,0.21,3.52846020953655E+27,1.1,22.294022370664200,
1248+3424,486.0,313.0,,,SR,U,108.0,17.0,50.1,5.7,1.2,3,0,0.271,,,,,,,,,,2019-08-17,2010-11-15,124853.89+342429.4,92.2,5.9,124853.902,-0.18,342429.391,-0.01,607.0,74.0,495.0,53.0,12.0,21.0,108.0,17.0,0.0,0.0,0.0,0.0,1.0,5.998808,0.18027756377319900,6.5,51.3,7.1,90.0,18.0,7.89230769230769,,,,124853.89,342429.68,0.28,92.2,5.9,1.0,22.29,17.552,-22.61,-23.6029133645125,29.6003553881083,0.27,4.3168064731848E+27,1.2,22.360928608799700,
1251+6603,280.0,83.0,,,U,U,265.9,9.9,265.9,9.9,1.1,1,-1,0.282,,,,,,,,,,2019-08-04,2010-10-15,125100.44+660326.8,250.0,17.7,125100.441,0.0,660326.7290000000,-0.07,633.1,32.1,339.8,9.3,84.2,1.7,271.0,18.0,0.0,0.0,0.0,0.0,1.0,5.998855000000000,0.07,7.5,268.8,6.5,274.0,12.0,35.84,0.0,0.0,0.0,125100.56,660326.88,0.74,250.0,17.7,1.0,22.76,16.764,-23.49,-24.4291883301815,29.930865374375900,0.35,4.51863254790691E+27,1.1,22.798951112596500,
1252+1402,346.0,237.0,626,121,U,U,110.0,7.7,110.0,7.7,0.5,3,1,0.266,23.25,23.63,1993-12-06,22.66,23.03,2000-01-15,22.78,22.93,2019-04-25,2019-08-17,2010-11-15,125236.15+140213.9,236.0,10.7,125236.156,-0.09,140214.02600000000,0.13,519.0,39.0,448.0,30.0,148.0,18.0,174.0,18.0,0.0,0.0,0.0,0.0,1.0,5.99896,0.15811388300841900,6.5,112.6,7.8,155.0,17.0,17.3230769230769,,,,125236.155,140214.06,0.18,236.0,10.7,1.0,22.68,17.453,-22.67,-23.662171583109600,29.6240586755472,0.62,4.22568435241734E+27,0.5,22.35092073592850,
1253+1227,278.0,185.0,,,U,U,78.8,5.4,78.8,5.4,0.4,3,0,0.207,,,,,,,,,,2019-08-17,2010-11-15,125343.71+122721.5,221.0,12.0,125343.724,-0.21,122721.467,-0.03,473.0,34.0,434.0,29.0,37.0,31.0,108.0,12.0,0.0,0.0,0.0,0.0,1.0,5.998973,0.212132034355964,6.4,79.9,6.8,100.0,14.0,12.484375,,,,125343.73600000000,122720.95,0.67,221.0,12.0,1.0,22.73,16.874000000000000,-22.71,-23.3612336739716,29.503683511892,0.34,3.18045093413941E+27,0.4,21.9659427019014,
1302+1406,0.0,0.0,,,U,U,47.6,3.7,47.6,3.7,1.1,5,0,0.28600000000000000,,,,,,,,,,2019-08-27,2011-01-01,130223.12+140609.0,44.1,6.0,130223.121,-0.015,140608.961,-0.04,530.0,49.0,377.0,25.0,175.7,7.8,55.9,7.3,0.0,0.0,0.0,0.0,1.0,5.999247,0.0427200187265877,6.3,48.5,4.4,58.7,8.8,7.6984126984127000,1.0,,,130223.127,140608.36,0.65,44.1,6.0,1.0,22.02,16.859,-23.42,-24.4538091803637,29.9407137144488,0.07,4.59248291660373E+27,1.3,22.12703648316440,
1304+0205,1200.0,550.0,866,95,E,U,227.0,36.0,39.6,5.5,1.1,4,1,0.229,22.83,23.21,1995-02-27,22.66,23.04,1998-07-18,22.55,22.7,2019-04-21,2019-08-20,2010-11-30,130416.99+020537.0,215.0,11.1,130416.98,-0.15,20536.877,-0.12,1261.0,191.0,683.0,86.0,44.4,7.8,227.0,36.0,0.0,0.0,0.0,0.0,1.0,5.999322,0.19209372712298500,6.4,46.6,5.1,234.0,42.0,7.28125,,,,130417.0,20537.25,0.29,215.0,11.1,1.0,22.49,17.046,-22.75,-23.4465454781586,29.5378082335668,0.39,3.56362211804653E+27,1.1,22.521711728749400,
1304+3951,215.0,179.0,617,110,U,U,215.7,6.6,215.7,6.6,0.9,3,1,0.271,23.15,23.52,1995-04-16,22.68,23.04,1994-08-19,22.83,22.97,2017-10-28,2019-08-17,2010-11-15,130456.91+395111.4,253.0,15.9,130456.912,0.03,395111.376,-0.02,447.0,14.0,400.0,12.0,65.0,11.0,275.0,13.0,0.0,0.0,0.0,0.0,1.0,5.998781,0.0360555127546399,6.6,216.4,6.6,296.6,14.3,32.787878787878800,,,,130456.91,395111.38,0.02,253.0,15.9,1.0,22.72,17.504,-22.66,-23.664669066304100,29.625057668825,0.7,4.3168064731848E+27,0.9,22.66135499841530,
1307+0107,520.0,97.0,,,SR,U,103.0,14.0,74.3,6.5,0.7,4,0,0.276,,,,,,,,,,2019-08-20,2010-11-30,130756.57+010709.6,138.0,9.0,130756.576,-0.09,10709.676,0.08,606.0,67.0,343.0,23.0,168.0,4.6,103.0,14.0,0.0,0.0,0.0,0.0,1.0,5.999329,0.120415945787923,6.5,77.3,6.2,89.0,12.0,11.892307692307700,,,,130756.57,10709.86,0.26,138.0,9.0,1.0,22.48,17.033,-23.17,-24.1819284396946,29.8319614181812,0.25,4.408315144721E+27,0.7,22.3580100530402,
1308+0344,517.0,232.0,,,SR,U,61.0,17.0,39.4,7.2,1.1,5,0,0.228,,,,,,,,,,2019-08-27,2011-01-01,130818.89+034437.2,57.3,5.4,130818.897,-0.105,34437.186,-0.01,803.0,167.0,586.0,95.0,118.0,21.0,61.0,17.0,0.0,0.0,0.0,0.0,1.0,5.999326,0.105475115548645,8.0,42.6,6.9,51.0,14.0,5.325,,,,130818.85700000000,34437.07,0.51,57.3,5.4,1.0,21.91,16.599,-23.19,-23.9327943510887,29.7323077827388,0.07,3.54603302719345E+27,1.1,21.946832310033400,
1308+1904,0.0,0.0,,,ND,U,19.8,0.0,19.8,0.0,0.6,5,0,0.222,,,,,,,,,,2019-08-27,2011-01-01,130843.86+190439.7,34.6,4.8,0.0,0.0,0.0,0.0,0.0,0.0,0.0,0.0,0.0,0.0,19.8,0.0,0.0,0.0,0.0,0.0,0.0,,0.0,6.6,19.8,,19.8,,,,,,130843.82,190439.73,0.57,34.6,4.8,1.0,21.67,16.756,-22.98,-23.6664758731462,29.6257803915618,0.05,3.4408408923352E+27,0.6,21.43269924228880,
1312+0641,570.0,94.0,,,SR,U,90.0,14.0,65.7,6.2,0.7,5,0,0.242,,,,,,,,,,2019-08-27,2011-01-01,131204.70+064107.5,123.0,7.9,131204.701,0.015,64107.669,0.17,648.0,79.0,352.0,26.0,139.8,4.5,90.0,14.0,0.0,0.0,0.0,0.0,1.0,5.9993050000000000,0.17066048165876000,7.1,80.6,6.5,105.0,14.0,11.352112676056300,,,,131204.7,64107.36,0.14,123.0,7.9,1.0,22.3,15.901,-24.02,-24.7891792625011,30.0748617473038,0.08,3.79375244458687E+27,0.7,22.172804735081700,
1320+2957,441.0,314.0,,,SR,U,123.0,27.0,59.9,9.2,1.1,3,0,0.206,,,,,,,,,,2019-08-17,2010-11-15,132059.41+295728.1,112.0,8.7,132059.423,-0.195,295728.061,-0.04,572.0,93.0,491.0,72.0,23.0,39.0,123.0,27.0,0.0,0.0,0.0,0.0,1.0,5.998861,0.199060292373944,6.6,65.6,8.1,104.0,19.0,9.93939393939394,,,,132059.40300000000,295728.18,0.27,112.0,8.7,1.0,22.11,16.918,-22.65,-23.312052304705700,29.4840109641856,0.18,3.16322431630272E+27,1.1,22.154720527659500,
1321+0459,0.0,0.0,,,U,U,55.1,6.2,55.1,6.2,0.3,5,0,0.242,,,,,,,,,,2019-08-27,2011-01-01,132123.40+045930.7,163.0,7.7,132123.41,-0.15,45930.745,0.05,525.0,75.0,328.0,29.0,154.3,7.4,56.0,11.0,0.0,0.0,0.0,0.0,1.0,5.999316,0.15811388300841900,6.6,58.1,6.2,46.7,9.7,8.803030303030300,,,,132123.417,45930.54,0.3,163.0,7.7,1.0,22.42,16.97,-22.95,-23.7414480710024,29.6557692707043,0.28,3.79375244458687E+27,0.3,21.959713824494100,
1321+3555,0.0,0.0,450,0,ND,U,19.8,0.0,19.8,0.0,0.2,3,1,0.28300000000000000,,,,22.58,22.94,1994-07-10,21.81,22.94,2017-10-05,2019-08-17,2010-11-15,132136.86+355553.4,81.0,5.6,0.0,0.0,0.0,0.0,0.0,0.0,0.0,0.0,0.0,0.0,19.8,0.0,0.0,0.0,0.0,0.0,0.0,,0.0,6.6,19.8,,19.8,,,,,,132136.81,355552.61,1.0,81.0,5.6,1.0,22.27,17.018,-23.24,-24.2446926998286,29.857067122234800,0.14,4.53707229673383E+27,0.2,21.666074685925400,
1322+3623,520.0,375.0,,,SR,U,195.0,25.0,77.1,7.4,1.3,3,0,0.295,,,,,,,,,,2019-08-17,2010-11-15,132257.89+362300.0,153.0,14.7,132257.907,-0.17,362300.063,0.08,631.0,64.0,524.0,48.0,117.0,20.0,195.0,25.0,0.0,0.0,0.0,0.0,1.0,5.998816000000000,1.60612110377767,6.6,79.1,7.6,187.0,24.0,11.984848484848500,,,,132257.95,362300.47,0.87,153.0,14.7,1.0,22.59,17.65,-22.7,-23.7508123065995,29.659514964943100,0.48,4.75953286731232E+27,1.3,22.699711749815600,
1330+3119,210.0,44.0,,,U,U,152.6,6.8,152.6,6.8,1.4,3,0,0.242,,,,,,,,,,2019-08-17,2010-11-15,133053.27+311930.5,108.0,14.4,133053.27600000000,-0.09,311930.59,0.09,405.0,20.0,345.0,14.0,101.0,10.0,161.0,12.0,0.0,0.0,0.0,0.0,1.0,5.998857,0.127279220613579,6.6,154.3,7.4,154.0,13.0,23.3787878787879,,,,133053.37,311930.47,1.29,108.0,14.4,1.0,22.24,17.17,-22.75,-23.528054303168000,29.5704117635705,0.22,3.79375244458687E+27,1.4,22.402116759261200,
1334+1711,436.0,232.0,,,U,U,32.3,6.8,32.3,6.8,0.3,5,0,0.265,,,,,,,,,,2019-08-27,2011-01-01,133432.34+171146.9,104.0,7.7,133432.348,-0.12,171147.05900000000,0.16,604.0,141.0,450.0,84.0,142.0,25.0,55.0,17.0,0.0,0.0,0.0,0.0,1.0,5.999218,0.2,6.7,37.0,6.7,51.0,15.0,5.52238805970149,,,,133432.35,171147.13,0.27,104.0,7.7,1.0,22.32,16.951,-23.17,-24.1462217381858,29.8176787375776,0.17,4.20750651825262E+27,0.3,21.815097166420300,
1348+4303,313.0,148.0,,,SR,U,86.0,14.0,62.4,6.3,1.0,6,0,0.275,,,,,,,,,,2019-09-20,2011-01-17,134854.76+430309.1,88.8,6.7,134854.771,-0.165,430309.14200000000,-0.04,504.0,58.0,381.0,34.0,4.1,13.0,86.0,14.0,0.0,0.0,0.0,0.0,1.0,5.998934000000000,0.169779268463496,6.0,66.7,6.7,73.0,12.0,11.1166666666667,,,,134854.79,430309.62,0.61,88.8,6.7,1.0,22.28,17.09,-23.11,-24.0903346997399,29.7953239221993,0.17,4.38998259731501E+27,0.7,22.136848005536400,
1348+4518,0.0,0.0,,,U,U,50.7,4.3,50.7,4.3,1.0,1,0,0.277,,,,,,,,,,2019-08-04,2010-10-15,134845.44+451809.5,51.8,6.5,134845.456,-0.16,451809.514,0.0,422.0,41.0,330.0,25.0,48.0,12.0,39.6,6.5,0.0,0.0,0.0,0.0,1.0,5.999033,0.16,8.1,55.8,4.0,48.8,6.3,6.888888888888890,0.0,0.0,0.0,134845.44,451809.21,0.29,51.8,6.5,1.0,22.06,17.208,-23.0,-24.0377791841606,29.774301715967600,0.11,4.42666306178213E+27,1.0,22.053678278274500,
1353+3620,206.0,159.0,1450,140,U,U,431.9,9.9,431.9,9.9,1.1,3,0.5,0.285,23.32,23.68,1995-04-16,23.09,23.46,1994-07-10,22.96,23.09,2017-10-14,2019-08-17,2010-11-15,135326.12+362049.4,389.0,25.8,135326.12,0.0,362039.541,0.14,454.2,11.7,401.1,9.2,66.3,7.5,479,18,0.0,0.0,0.0,0.0,1.0,5.998834,0.14,7.3,450.1,9.6,526.0,19.0,61.657534246575300,,,,135326.13,362046.56,0.16,389.0,25.8,1.0,22.96,16.011,-24.26,-25.298211541126000,30.2784746587537,0.27,4.57399749937083E+27,1.4,23.11659353518430,
1406+1442,178.0,88.0,,,U,U,115.9,6.6,115.9,6.6,0.8,3,0,0.266,,,,,,,,,,2019-08-17,2010-11-15,140658.70+144238.3,144.0,7.4,140658.708,-0.12,144238.345,0.05,428.0,25.0,390.0,21.0,150.0,24.0,131.0,12.0,0.0,0.0,0.0,0.0,1.0,5.999007,0.13,6.9,117.5,6.5,122.0,12.0,17.0289855072464,,,,140658.709,144238.41,0.17,144.0,7.4,1.0,22.46,16.629,-23.5,-24.485157384226400,29.9532529959939,0.18,4.22568435241734E+27,0.8,22.37361148673390,
1408+4303,1500.0,95.0,,,E,U,52.9,8.6,37.9,5.1,1.0,6,0,0.258,,,,,,,,,,2019-09-20,2011-01-17,140808.19+430316.5,52.3,16.8,140808.19200000000,-0.03,430316.458,0.04,1182.0,350.0,323.0,45.0,19.6,3.3,75.0,21.0,0.0,0.0,0.0,0.0,1.0,5.998933,0.05,6.5,36.6,5.3,55.0,13.0,5.63076923076923,,,,140808.199,430316.9,0.41,523.0,16.8,1.0,22.99,16.922,-23.14,-24.0588756347016,29.782740296184000,0.85,4.08069877721138E+27,0.1,22.155155517881000,
1408+6306,0.0,0.0,,,ND,SR,22.2,0.0,22.2,0.0,0.4,1,0,0.261,,,,,,,,,,2019-08-04,2010-10-15,140839.00+630600.5,52.3,6.1,0.0,0.0,0.0,0.0,0.0,0.0,0.0,0.0,0.0,0.0,22.2,0.0,0.0,0.0,0.0,0.0,0.0,,0.0,7.4,20.1,6.0,149.0,50.0,2.61038961038961,1.0,0.0,0.0,140838.77,630602.04,2.2,39.1,6.1,1.0,21.88,16.95,-23.13,-24.059153388688400,29.782851397778700,0.06,4.1349511015275E+27,0.6,21.6548430591915,
1412+6435,0.0,0.0,,,U,U,38.5,8.1,38.5,8.1,1.1,1,0,0.28800000000000000,,,,,,,,,,2019-08-04,2010-10-15,141213.62+643538.9,33.5,7.8,141213.634,-0.1,643538.7760000000,-0.13,688.0,164.0,317.0,34.0,97.5,34.0,49.0,15.0,0.0,0.0,0.0,0.0,1.0,5.998844,0.164012194668567,7.8,28.1,1.4,15.9,2.1,3.6,0.0,0.0,0.0,141213.633,643539.04,0.16,33.5,7.8,1.0,21.9,17.459,-22.84,-23.9136448500479,29.7246479823225,0.09,4.62949929158494E+27,1.5,22.090529538246400,
1421+0739,210.0,160.0,,,M,U,94.5,7.0,66.9,5.4,0.9,3,0,0.231,,,,,,,,,,2019-08-17,2010-11-15,142146.16+073908.3,102.0,5.9,142146.161,0.015,73908.367,0.07,426.0,36.0,395.0,31.0,83.0,43.0,69.9,9.8,0.0,0.0,0.0,0.0,1.0,5.999072,0.0715891053163818,6.8,69.8,8.4,82.0,16.0,10.264705882352900,,,,142146.16,73908.4,0.1,102.0,5.9,1.0,22.18,16.887,-22.93,-23.6628447484268,29.624327941674,0.16,3.59884904255036E+27,0.7,22.000076227009000,
1421+1520,361.0,241.0,,,SR,U,106.0,19.0,66.7,8.0,0.6,3,0,0.231,,,,,,,,,,2019-08-17,2010-11-15,142138.50+152045.9,180.0,7.4,142138.50400000000,-0.06,152045.812,-0.09,546.0,71.0,447.0,50.0,105.0,22.0,106.0,19.0,0.0,0.0,0.0,0.0,1.0,5.999011,0.10816653826392,6.6,68.0,5.9,93.4,10.5,10.303030303030300,,,,142138.5,152045.88,0.02,180.0,7.4,1.0,22.42,17.164,-22.65,-23.388281854882000,29.514502784256100,0.36,3.59884904255036E+27,0.6,22.19930728957300,
1425+0803,201.0,73.0,<366,0,SR,U,220.0,15.0,193.5,7.9,1.6,3,2,0.23,,,,21.81,22.19,2000-01-15,22.04,22.19,2019-05-08,2019-08-17,2010-11-15,142522.37+080327.1,138.0,6.5,142522.384,-0.21,80327.13800000000,0.04,457.0,20.0,402.0,16.0,114.0,12.0,220.0,15.0,0.0,0.0,0.0,0.0,1.0,5.999071,0.21377558326431900,6.5,194.9,7.2,216.0,13.0,29.9846153846154,,,,142522.38,80327.02,0.17,138.0,6.5,1.0,22.3,16.803,-23.01,-23.737657660564600,29.654253106529200,0.2,3.5812274628942E+27,1.6,22.5122748205623,53533
1426+1955,381.0,249.0,,,U,U,30.9,5.7,30.9,5.7,0.3,5,0,0.213,,,,,,,,,,2019-08-27,2011-01-01,142613.31+195524.6,110.0,6.0,142613.322,-0.18,195524.682,0.08,567.0,111.0,489.0,85.0,146.0,47.0,50.0,14.0,0.0,0.0,0.0,0.0,1.0,5.999175,0.196977156035922,6.5,34.4,5.7,32.9,9.8,5.29230769230769,,,,142613.329,195524.78,0.32,110.0,6.0,1.0,22.13,16.3,-23.34,-24.035537770914700,29.7734051506692,0.1,3.28416023752394E+27,0.3,21.58655007836390,
1429+4747,256.0,97.0,,,M,U,151.0,21.4009345590327,88.6,8.5,1.2,1,0,0.221,,,,,,,,,,2019-08-04,2010-10-15,142943.07+474726.2,127.0,6.3,142943.073,0.0,474726.205,0.0,496.0,56.0,350.0,29.0,95.8,9.2,108.0,17.0,43.0,13.0,36.3,6.6,1.0,5.998982,0.0,7.6,97.8,4.5,135.9,9.8,12.8684210526316,0.0,0.0,0.0,142943.066,474726.17,0.05,127.0,6.3,1.0,22.23,16.49,-23.23,-23.901591217235300,29.719826529197400,0.14,3.42336611795535E+27,1.2,22.310703488099100,
1442+4337,170.0,100.0,,,U,U,183.4,7.4,183.4,7.4,1.1,6,0,0.231,,,,,,,,,,2019-09-20,2011-01-17,144202.82+433708.7,167.0,18.7,144202.826,-0.09,433708.783,0.08,409.0,17.0,364.0,14.0,41.0,13.0,192.0,13.0,0.0,0.0,0.0,0.0,1.0,5.998924,0.120415945787923,6.5,185.3,7.2,187.0,13.0,28.5076923076923,,,,144202.837,433708.81,0.22,167.0,18.7,1.0,22.39,16.849,-22.97,-23.6937551506328,29.6366921025564,0.25,3.59884904255036E+27,1.1,22.437400755642200,
1443+4045,0.0,0.0,,,U,U,21.0,0.0,21.0,0.0,0.3,6,0,0.246,,,,,,,,,,2019-09-20,2011-01-17,144302.59+404525.1,78.0,11.2,0.0,0.0,0.0,0.0,0.0,0.0,0.0,0.0,0.0,0.0,21.0,0.0,0.0,0.0,0.0,0.0,0.0,,0.0,7.0,21.0,,21.0,,,,,,144302.459,404525.66,1.61,78.0,11.2,1.0,22.12,16.636,-23.32,-24.1243394785476,29.8089258337224,0.1,3.86510791588705E+27,0.3,21.55651492980580,
1444+0633,190.0,45.0,<444,,E,U,361.0,23.0217288664427,255.8,7.2,1.4,4,-1,0.208,,,,,,,,,,2019-08-20,2010-11-30,144414.66+063306.7,255.0,16.0,144414.666,-0.03,63306.726,0.03,457.4,14.5,361.7,9.1,158.9,4.3,272.0,13.0,89.0,19.0,30.9,4.5,1.0,5.999263,0.0948683298050514,6.9,256.5,7.4,261.0,13.0,37.1739130434783,,,,144414.67,63307.1,0.43,255.0,16.0,1.0,22.47,16.552,-23.04,-23.7163623519735,29.645734983092700,0.29,3.19769423192929E+27,1.4,22.631503895407100,
1445+3049,428.0,173.0,,,U,U,63.3,6.9,63.3,6.9,1.0,5,0,0.276,,,,,,,,,,2019-08-27,2011-01-01,144510.13+304957.0,65.7,4.8,144510.137,0.105,304957.16,0.16,580.0,73.0,481.0,52.0,160.0,23.0,63.3,6.9,0.0,0.0,0.0,0.0,1.0,5.999071,0.19137659209004600,7.2,63.6,8.1,75.0,16.0,8.83333333333333,,,,144510.122,304956.56,0.45,65.7,4.8,1.0,22.16,17.466000000000000,-22.74,-23.73560598317,29.65343243557,0.18,4.408315144721E+27,0.9,22.124047300337800,
1456+2750,169.0,97.0,,,U,U,136.1,7.0,136.1,7.0,0.9,5,0,0.248,,,,,,,,,,2019-08-27,2011-01-01,145608.65+275008.7,159.0,12.9,145608.65100000000,0.015,275008.747,0.05,474.0,26.0,397.0,19.0,113.0,11.0,153.0,13.0,0.0,0.0,0.0,0.0,1.0,5.99909,0.0522015325445528,6.5,137.2,6.9,130.0,12.0,21.1076923076923,,,,145608.642,275008.62,0.13,159.0,12.9,1.0,22.44,17.044,-22.93,-23.7775931140453,29.6702272879214,0.29,3.90088130717613E+27,0.9,22.375930579257900,
1458+3631,802.0,513.0,495,0,SR,U,207.0,31.0,50.6,6.1,1.2,6,0.5,0.246,x,x,x,22.49,22.86,1994-07-17,22.67,22.81,2017-11-10,2019-09-20,2011-01-17,145824.46+363119.5,167.0,9.4,145824.475,-0.225,363119.459,-0.05,886.0,114.0,630.0,71.0,144.0,13.0,207.0,31.0,0.0,0.0,0.0,0.0,1.0,5.998982,0.22852789764052900,6.8,53.9,6.3,165.0,25.0,7.92647058823529,,,,145824.457,363119.49,0.04,167.0,9.4,1.0,22.45,16.887,-23.07,-23.8981289510676,29.7184416227304,0.26,3.86510791588705E+27,1.2,22.550265980528800,
1458+4555,0.0,0.0,,,U,A,33.0,4.8,33.0,4.8,0.3,2,0,0.28600000000000000,,,,,,,,,,2019-08-13,2010-10-31,145817.42+455514.9,95.0,16.3,145817.424,-0.06,455514.872,-0.03,394.0,78.0,234.0,25.0,175.3,8.0,24.2,7.3,24.8,7.0,30.0,4.6,1.0,5.998947,0.0670820393249937,6.6,35.9,4.1,39.0,5.2,5.43939393939394,0.0,,,145817.428,455514.72,0.2,47.5,4.7,0.5,22.35,17.381,-22.9,-23.9172890480902,29.726105661539400,0.23,4.59248291660373E+27,0.3,21.898138615155900,
1502+0645,0.0,0.0,,,U,U,17.8,4.2,17.8,4.2,0.4,4,0,0.28800000000000000,,,,,,,,,,2019-08-20,2010-11-30,150204.10+064516.0,50.8,5.9,150204.108,-0.12,64516.09100000000,0.09,569.0,186.0,290.0,49.0,21.0,9.4,18.8,8.0,0.0,0.0,0.0,0.0,1.0,5.999251,0.15,6.5,22.2,4.0,39.0,11.0,3.41538461538462,,,,150204.11800000000,64516.07,0.28,50.8,5.9,1.0,22.09,16.772000000000000,-23.52,-24.55709248195390,29.982027035084900,0.07,4.62949929158494E+27,0.4,21.636799023715500,
1521+5940,916.0,535.0,,,U,U,25.1,5.6,25.1,5.6,0.6,2,0,0.28600000000000000,,,,,,,,,,2019-08-13,2010-10-31,152153.80+594020.0,42.9,8.8,152153.777,0.345,594020.166,0.17,987.0,262.0,648.0,148.0,126.0,21.0,78,22,0.0,0.0,0.0,0.0,1.0,5.998819,0.384610192272644,6.9,28.7,5.9,28.7,5.9,4.159420289855070,,,,152153.829,594020.26,0.34,42.9,8.8,1.0,22.01,17.679000000000000,-22.6,-23.6365119488135,29.613794821828700,0.14,4.59248291660373E+27,2.5,22.413048430765000,
1524+3032,333.0,204.0,,,U,U,29.7,3.8,29.7,3.8,0.5,5,0,0.274,,,,,,,,,,2019-08-27,2011-01-01,152428.67+303237.5,63.3,11.2,152428.674,-0.06,303237.528,0.03,574.0,83.0,438.0,51.0,93.0,17.0,42.1,8.5,0.0,0.0,0.0,0.0,1.0,5.999046,0.0670820393249937,6.7,24.8,5.7,39.0,14.0,3.70149253731343,,,,152428.68100000000,303237.98,0.5,63.3,11.2,1.0,22.13,16.618,-23.57,-24.5626724321917,29.98425901518,0.08,4.3716654379985E+27,0.5,21.81089844681080,
1526+2754,0.0,0.0,,,U,U,28.3,5.3,28.3,5.3,0.9,5,0,0.231,,,,,,,,,,2019-08-27,2011-01-01,152624.02+275452.1,30.4,7.1,152624.029,-0.135,275451.968,-0.13,533.0,120.0,366.0,58.0,148.0,17.0,32.0,10.0,0.0,0.0,0.0,0.0,1.0,5.999067,0.18741664813991300,5.5,31.1,4.9,25.3,7.6,5.65454545454545,1.0,,,152624.064,275451.98,0.6,30.4,7.1,1.0,21.65,16.213,-23.61,-24.330833640050500,29.891523498323500,0.03,3.59884904255036E+27,0.9,21.6257878598325,
1527+1541,446.0,113.0,,,SR,U,60.0,15.0,42.7,6.7,0.8,5,0,0.228,,,,,,,,,,2019-08-27,2011-01-01,152727.38+154100.1,73.4,11.2,152727.386,-0.09,154100.16200000000,0.06,666.0,130.0,390.0,49.0,113.4,9.0,60.0,15.0,0.0,0.0,0.0,0.0,1.0,5.999166000000000,0.10816653826392,6.6,47.1,6.1,54.0,12.0,7.13636363636364,1.0,,,152727.458,154100.19,1.13,73.4,11.2,1.0,22.02,16.607,-23.18,-23.919364343818600,29.7269357798308,0.09,3.54603302719345E+27,0.8,21.939653725406300,
1529+0216,810.0,700.0,,,E,U,183.0,34.0,41.2,6.4,1.2,4,0,0.263,,,,,,,,,,2019-08-20,2010-11-30,152925.98+021646.6,152.0,11.0,152925.981,0.015,21646.63,0.03,942.0,151.0,785.0,118.0,129.0,33.0,183.0,34.0,0.0,0.0,0.0,0.0,1.0,5.999263,0.0335410196624968,6.9,44.8,6.6,111.0,22.0,6.49275362318841,,,,152925.995,21646.15,0.5,152.0,11.0,1.0,22.47,17.49,-22.61,-23.5945186670728,29.5969975091324,0.41,4.17119758863805E+27,1.2,22.561040130310400,
1534+4658,640.0,210.0,,,U,U,18.7,3.9,18.7,3.9,0.3,2,0,0.282,,,,,,,,,,2019-08-13,2010-10-31,153415.05+465819.2,66.2,5.5,153415.057,-0.105,465819.261,0.06,583.0,149.0,340.0,57.0,135.0,12.0,29.7,9.5,0.0,0.0,0.0,0.0,1.0,5.998913,0.12093386622447800,6.4,20.9,3.2,20.9,3.2,3.265625,,,,153415.093,465818.98,0.5,66.2,5.5,1.0,22.18,17.5,-22.75,-23.767655062267100,29.6662520672102,0.18,4.51863254790691E+27,0.3,21.637823428258600,
1535+5644,196.0,136.0,764,164,U,U,123.6,7.7,123.6,7.7,1.0,2,1,0.207,x,x,1993-11-23,22.51,22.90,1997-05-15,22.41,22.57,2017-10-28,2019-08-13,2010-10-31,153539.25+564406.5,126.0,15.5,153539.25,0.0,564406.454,-0.05,422.0,28.0,381.0,23.0,3.2,24.0,150.0,15.0,27.3,8.1,26.5,4.6,1.0,5.998834,0.05,6.5,125.4,7.3,135.0,13.0,19.2923076923077,,,,153539.198,564406.18,0.54,126.0,15.5,1.0,22.16,16.672,-22.91,-23.5772660384091,29.590096457667,0.16,3.18045093413941E+27,1.0,22.161434955164600,
1539+5042,0.0,0.0,,,U,U,51.4,5.5,51.4,5.5,0.8,2,0,0.203,,,,,,,,,,2019-08-13,2010-10-31,153941.49+504255.7,61.9,5.5,153941.49300000000,-0.045,504255.697,0.0,377.0,42.0,336.0,34.0,121.0,34.0,51.2,9.5,0.0,0.0,0.0,0.0,1.0,5.998878,0.045,6.3,55.0,4.9,48.4,7.8,8.730158730158730,,,,153941.501,504255.8,0.15,61.9,5.5,1.0,21.83,16.725,-22.81,-23.4731764567003,29.548460624983400,0.08,3.11164473792253E+27,0.8,21.761848177948900,
1544+2827,0.0,0.0,,,U,U,21.7,4.8,21.7,4.8,0.5,5,0,0.231,,,,,,,,,,2019-08-27,2011-01-01,154430.52+282756.8,46.0,10.1,154430.52800000000,0.12,282756.937,0.14,521.0,152.0,307.0,52.0,85.0,12.0,19.5,8.2,0.0,0.0,0.0,0.0,1.0,5.999047,0.184390889145858,6.9,32.9,6.0,56.0,15.0,4.768115942028990,,,,154430.54,282757.41,0.67,46.0,10.1,1.0,21.82,16.285,-23.53,-24.2702348463701,29.867283980851400,0.04,3.59884904255036E+27,0.5,21.51046115815670,
1556+5215,254.0,120.0,1170,160,U,U,273.9,6.3,273.9,6.3,0.9,2,1,0.227,x,x,,22.78,23.16,1997-05-04,22.65,22.80,2017-11-11,2019-08-13,2010-10-31,155620.23+521520.0,296.0,21.9,155620.245,-0.225,521520.006,-0.01,448.3,11.3,367.2,7.7,153.8,4.3,352.0,13.0,0.0,0.0,0.0,0.0,1.0,5.998854,0.225222112591104,6.7,274.4,6.7,348.0,14.0,40.955223880597,,,,155620.217,521520.2,0.23,296.0,21.9,1.0,22.62,16.87,-22.91,-23.611420860510500,29.6037583865075,0.46,3.52846020953655E+27,0.9,22.59489383576170,
1605+4834,986.0,339.0,,,U,U,25.9,7.6,25.9,7.6,0.3,2,0,0.295,,,,,,,,,,2019-08-13,2010-10-31,160507.92+483422.1,79.9,6.3,160507.927,-0.105,483422.124,0.02,1050.0,370.0,490.0,120.0,149.0,12.0,101.0,37.0,0.0,0.0,0.0,0.0,1.0,5.998875,0.10688779163216,7.0,39.6,7.2,41.0,13.0,5.657142857142860,,,,160507.913,483422.62,0.52,79.9,6.3,1.0,22.31,16.775,-23.57,-24.607381671005300,30.0021427107054,0.11,4.75953286731232E+27,0.3,21.82297690253430,
1617+0638,140.0,87.0,630,0,U,U,466.2,7.1,466.2,7.1,1.8,4,2,0.229,,,,22.52,22.9,2000-02-15,22.67,22.8,2019-03-18,2019-08-20,2010-11-30,161711.42+063833.4,266.0,11.3,161711.424,-0.06,63833.45,-0.05,528.9,9.8,357.1,4.5,137.1,1.3,480.0,13.0,0.0,0.0,0.0,0.0,1.0,5.999187,0.0781024967590666,7.4,467.1,7.0,468.0,12.0,63.1216216216216,,,,161711.424,63833.19,0.22,266.0,11.3,1.0,22.58,16.627,-23.17,-23.90059738192190,29.719428995072100,0.33,3.56362211804653E+27,1.8,22.834258140740800,53501
1617+0854,255.0,132.0,450,0,SR,U,386.7,18.164801127455300,300.2,8.2,1.0,4,0.5,0.206,x,x,x,22.28,22.66,2000-01-15,22.59,22.75,2019-03-18,2019-08-20,2010-11-30,161723.67+085414.7,381.0,15.2,161723.671,0.015,85414.743,0.04,581.5,19.3,380.0,8.6,139.0,2.1,360.0,16.0,26.7,8.6,29.0,4.9,1.0,5.99917,0.0427200187265877,6.5,301.9,7.6,406.0,18.6,46.44615384615380,,,,161723.674,85414.72,0.06,381.0,15.2,1.0,22.64,16.255,-23.31,-23.9983983171703,29.7585493691714,0.33,3.16322431630272E+27,1.0,22.65218958829320,
1619+2543,149.0,60.0,1430,110,SR,U,407.0,21.6333076527839,344.5,9.5,0.9,5,1,0.269,23.00,23.37,1995-02-28,23.03,23.40,1995-11-22,22.94,23.08,2017-11-24,2019-08-27,2011-01-01,161940.56+254323.0,474.0,21.4,161940.565,-0.075,254323.124,0.12,519.4,16.6,383.7,9.2,107.1,3.1,372.0,18.0,35.0,12.0,28.3,5.9,1.0,5.999034,0.141509716980849,6.6,345.9,10.0,366.0,18.0,52.4090909090909,,,,161940.561,254323.1,0.1,474.0,21.4,1.0,22.99,16.644000000000000,-23.5,-24.512529524281,29.964201852016,0.59,4.28031110915132E+27,0.9,22.929946221890200,
1619+5011,860.0,140.0,,,U,U,30.8,4.5,30.8,4.5,0.7,2,0,0.234,,,,,,,,,,2019-08-13,2010-10-31,161911.24+501109.2,41.7,4.7,161911.25,-0.15,501109.243,0.04,781.0,148.0,350.0,39.0,126.0,5.1,65.0,14.0,0.0,0.0,0.0,0.0,1.0,5.99885,0.1552417469626,6.4,30.3,5.9,48.0,13.0,4.734375,,,,161911.253,501109.58,0.4,41.7,4.7,1.0,21.8,16.991,-22.86,-23.7290728738026,29.650819191824400,0.07,3.65181099874317E+27,0.7,21.674899512383500,
1627+4736,154.0,110.0,1260,110,U,U,581,14,581,14,1.94314381270903,6,2,0.262,,,,22.95,23.32,1997-03-31,23.12,23.26,2019-05-04,2019-09-20,2011-01-17,162750.54+473623.5,299.0,23.8,162750.55,-0.15,473623.461,-0.04,452.0,13.0,390.0,10.0,50.9,7.0,495.0,23.0,0.0,0.0,0.0,0.0,1.0,5.998849,0.1552417469626,7.1,442.0,13.0,473.0,23.0,62.253521126760600,,,,162750.571,473623.38,0.34,299.0,23.8,1.0,22.76,17.218,-22.87,-23.811048225078300,29.683609332334600,0.64,4.1530665304451E+27,1.5,22.939355242489400,52377
1630+4711,448.0,27.0,,,U,U,33.9,5.6,33.9,5.6,0.5,6,0,0.27,,,,,,,,,,2019-09-20,2011-01-17,163051.74+471118.9,64.1,5.4,163051.744,-0.06,471118.958,0.06,603.0,119.0,392.0,55.0,11.0,13.0,51.0,13.0,0.0,0.0,0.0,0.0,1.0,5.998851,0.0848528137423857,6.7,33.5,6.5,42.0,14.0,5.0,,,,163051.738,471118.82,0.08,64.1,5.4,1.0,22.12,16.91,-23.25,-24.2325397886563,29.852205957765800,0.1,4.29855105090999E+27,0.5,21.8541342511273,
1631+2953,0.0,0.0,,,U,U,67.6,5.7,67.6,5.7,0.5,5,0,0.254,,,,,,,,,,2019-08-27,2011-01-01,163124.42+295301.5,125.0,7.9,163124.432,-0.18,295301.507,-0.01,439.0,42.0,347.0,26.0,112.0,13.0,54.9,8.7,0.0,0.0,0.0,0.0,1.0,5.998989,0.18027756377319900,6.9,70.6,5.5,53.7,8.1,10.231884057971,,,,163124.435,295301.46,0.2,125.0,7.9,1.0,22.35,16.707,-23.32,-24.207522022567400,29.8421988513303,0.17,4.0085822891977E+27,0.5,22.095001162073400,
1631+4048,0.0,0.0,,,U,U,26.6,4.6,26.6,4.6,0.5,6,0,0.258,,,,,,,,,,2019-09-20,2011-01-17,163111.28+404805.2,49.7,5.0,163111.275,0.075,404805.22,-0.02,475.0,89.0,393.0,63.0,7.2,34.1,31.6,9.0,0.0,0.0,0.0,0.0,1.0,5.998901,0.0776208734813001,6.6,27.5,4.9,49.0,12.1,4.16666666666667,,,,163111.292,404805.0,0.24,49.7,5.0,1.0,21.97,17.094,-22.96,-23.884491472114,29.712986631149,0.09,4.08069877721138E+27,0.5,21.70497589112030,
1703+1910,0.0,0.0,,,ND,U,11.4,0.0,11.4,0.0,0.5,6,0,0.29,,,,,,,,,,2019-09-20,2011-01-17,170302.88+191034.0,21.2,7.1,0.0,0.0,0.0,0.0,0.0,0.0,0.0,0.0,0.0,0.0,11.4,0.0,0.0,0.0,0.0,0.0,0.0,,0.0,3.8,21.0,,21.0,,,,,,170302.978,191034.23,1.41,21.2,7.1,1.0,21.71,17.203,-23.11,-24.1716563932864,29.82785259961790,0.04,4.66657626570419E+27,0.5,21.449994296153500,
1727+6322,2040.0,980.0,1090,130,E,U,670.0,82.0,53.6,6.1,0.9,6,1,0.217,22.93,23.31,1995-04-02,22.71,23.09,2002-08-15,22.60,22.75,2017-09-11,2019-09-20,2011-01-17,172711.80+632242.1,728.0,27.1,172711.81700000000,-0.025,632241.968,-0.13,2080.0,250.0,1070.0,110.0,17.5,6.0,670.0,82.0,0.0,0.0,0.0,0.0,1.0,5.998709,0.286225435627234,6.8,55.9,5.8,614.0,70.0,8.22058823529412,,,,172711.837,632241.72,0.46,728.0,27.1,1.0,22.97,16.73,-22.95,-23.6664111916879,29.6257545189785,0.99,3.35363129415491E+27,0.9,22.94038608232430,